,NAME,CODE,FTYPE,BFUNDTYPE,FUNDTYPE,SHARP1,SHARP2,SHARP3,MAXRETRA1,MAXRETRA3,MAXRETRA5,MGRID,MGRNAME,HJ_JN,TOTALDAYS,DAYS
0,海富通收益增长混合,519003,混合型-灵活,002,002,1.3518,2.1126,1.9554,11.9707,13.7077,26.226,30176255,周雪军,0,3333,2370.0
1,南方利安C,001580,混合型-灵活,002,002,1.0407,1.9383,2.0021,3.0545,3.0545,3.0545,30291930,吴剑毅,1,2696,2207.0
2,易方达丰和债券,002969,债券型-混合债,003,003,1.229,1.369,1.3954,4.9667,4.9667,4.9667,30075384,张清华,6,2903,1837.0
3,广发纳斯达克100指数C,006479,QDII,007,007,1.1963,0.9863,0.9412,10.1922,28.8411,,30283311,刘杰,0,2804,1136.0
4,国泰大农业股票,001579,股票型,001,001,-0.1245,1.0034,1.4794,22.5097,22.5097,,30042300,程洲,2,4993,1633.0
5,汇添富沪深300安中指数,000368,指数型-股票,001,001,0.3998,1.3145,1.1823,11.9589,14.3411,31.4738,30057296,吴振翔,0,4319,2950.0
6,华夏鼎沛债券A,005886,债券型-混合债,003,003,0.644,1.1838,1.285,7.2589,13.2566,,30276903,柳万军,1,2895,1257.0
7,工银丰收回报灵活配置混合A,001650,混合型-灵活,002,002,0.966,1.5121,1.4374,12.8746,12.8746,12.8746,30067891,何秀红,1,3950,2230.0
8,华夏全球股票(QDII),000041,QDII,007,007,-0.3127,0.2162,--,31.3415,31.3415,31.3415,30201218,李湘杰,0,2761,2019.0
9,汇添富核心精选混合(LOF),501188,混合型-灵活,002,002,-0.2925,0.1229,--,19.4084,19.4084,,30039171,何旻,0,4911,1248.0
10,国投中证500指数量化增强A,005994,指数型-股票,001,001,1.4141,1.6225,1.4794,11.9767,17.0198,,30202050,殷瑞飞,0,2991,1221.0
11,建信鑫泽回报灵活配置混合C,004669,混合型-灵活,002,002,0.4231,1.5852,1.3316,6.2934,8.0564,,30053299,梁洪昀,2,4412,1396.0
12,兴业聚盈混合A,002494,混合型-偏债,002,002,1.1605,2.125,2.1997,2.5334,2.657,3.6364,30201644,腊博,1,2863,2066.0
13,华夏纯债债券C,000016,债券型-长债,003,003,3.2139,1.5525,2.1094,0.3407,1.7901,,30276903,柳万军,1,2895,1548.0
14,兴业收益增强债券A,001257,债券型-混合债,003,003,1.9928,1.9119,1.8885,3.4286,3.4286,5.1871,30050883,周鸣,1,4318,2381.0
15,博时央调ETF联接A,006438,指数型-股票,001,001,0.9458,0.8743,0.6176,9.7561,20.6299,,30164013,赵云阳,0,3308,1116.0
16,工银四季收益债券(LOF),164808,债券型-混合债,003,003,3.5048,2.4517,2.6959,0.9725,2.1181,2.8855,30067891,何秀红,1,3950,3950.0
17,工银核心价值混合A,481001,混合型-偏股,002,002,1.0283,1.4732,1.4032,25,25,33.8875,30038667,何肖颉,0,4075,2830.0
18,华安香港精选股票(QDII),040018,QDII,007,007,0.504,1.0423,0.8572,17.0147,25.3316,25.3316,30060264,苏圻涵,0,5511,4094.0
19,博时行业轮动混合,050018,混合型-偏股,002,002,0.7296,1.1325,1.0609,23.6912,23.6912,34.8974,30296880,陈雷,0,2654,2654.0
20,银华恒生中国企业指数,161831,QDII,007,007,-0.938,-0.5056,--,31.5795,31.5795,34.1165,30072182,乐育涛,0,3860,2796.0
21,华宝中证银行ETF联接C,006697,指数型-股票,001,001,-0.3142,0.0902,0.2753,15.1281,17.9919,,30191326,胡洁,2,3336,1103.0
22,鹏华产业精选,005812,混合型-灵活,002,002,0.0949,--,--,25.7374,25.7374,,30066292,王宗合,2,3994,1305.0
23,华安沪深300增强C,000313,指数型-股票,001,001,0.3734,1.0998,1.1434,17.7182,17.7182,,30044485,许之彦,6,5511,1440.0
24,中银研究精选灵活配置混合A,000939,混合型-灵活,002,002,0.5678,1.4981,1.6396,23.8445,23.8445,,30061323,吴印,1,3824,1499.0
25,中银新回报灵活配置混合A,000190,混合型-灵活,002,002,-0.0949,1.4607,1.5245,5.2898,5.2898,5.2898,30040278,李建,3,5218,3007.0
26,银河鑫利混合A,519652,混合型-灵活,002,002,1.1356,1.9041,1.7781,5.4307,7.2309,,30164243,卢轶乔,0,3270,1680.0
27,建信鑫利回报灵活配置混合C,004653,混合型-灵活,002,002,0.7,1.5416,1.5619,7.1002,11.3175,,30161722,叶乐天,0,3545,1424.0
28,国泰民益混合(LOF)A,160220,混合型-灵活,002,002,2.5715,2.209,1.635,2.1342,12.1048,19.6078,30301236,樊利安,1,2601,2601.0
29,广发多元新兴股票,003745,股票型,001,001,0.6518,1.215,1.4856,24.8801,24.8801,,30201494,刘格菘,0,2790,1125.0
30,鹏华金鼎灵活配置混合A,002504,混合型-灵活,002,002,1.6365,1.3067,1.1636,8.2275,16.0494,16.0494,30053793,戴钢,0,3649,2061.0
31,银河智联混合,519644,混合型-灵活,002,002,1.0967,1.7096,1.8185,17.0446,18.3832,25.9048,30164252,神玉飞,0,3270,2179.0
32,大成债券C,092002,债券型-混合债,003,003,1.7828,1.3254,1.201,3.1439,3.1439,3.1439,30040406,王立,1,5440,4578.0
33,中欧养老产业混合A,001955,混合型-偏股,002,002,1.1481,1.5494,1.6956,9.1657,18.8832,25.661,30052841,王健,2,3897,1857.0
34,华安黄金易ETF联接C,000217,商品（不含QDII）,002,002,-0.4449,0.2427,0.588,11.4177,20.7511,20.7511,30044485,许之彦,6,5511,3026.0
35,中欧潜力价值灵活配置混合A,001810,混合型-灵活,002,002,1.0205,1.2741,1.0485,8.6276,18.6282,24.9878,30040164,曹名长,9,5460,2206.0
36,工银瑞信双利债券A,485111,债券型-混合债,003,003,0.7031,1.1792,1.5479,1.4484,3.2635,3.2635,30043274,欧阳凯,9,4659,4128.0
37,景顺长城量化精选股票,000978,股票型,001,001,1.1247,1.1792,0.966,12.1872,19.6176,34.2724,30201219,黎海威,2,2958,2495.0
38,工银量化策略混合A,481017,混合型-偏股,002,002,1.0734,1.7361,1.7579,18.3262,18.3262,31.8497,30055955,游凛峰,0,4361,3509.0
39,银河君尚混合A,519613,混合型-灵活,002,002,1.9243,2.2448,1.8512,2.5793,4.9162,,30054615,罗博,0,4359,1799.0
40,广发创业板ETF联接A,003765,指数型-股票,001,001,0.9878,1.2958,1.1745,21.8516,21.8516,,30283311,刘杰,0,2804,1654.0
41,嘉合磐稳纯债A,006422,债券型-长债,003,003,4.5736,0.8478,1.4499,0.2296,4.7886,,30176648,于启明,1,3215,1108.0
42,交银丰晟收益债券A,005577,债券型-长债,003,003,9.3851,--,--,0.2525,0.8283,,30041094,于海颖,0,4025,1291.0
43,富国军工主题混合A,005609,混合型-偏股,002,002,0.9427,1.5167,1.299,26.5204,26.5204,,30075266,章旭峰,0,3639,1346.0
44,工银绝对收益混合发起A,000667,混合型-灵活,002,002,0.6611,2.0161,1.8948,3.1134,3.1134,7.4336,30055955,游凛峰,0,4361,2718.0
45,鹏华价值优势混合(LOF),160607,混合型-偏股,002,002,0.4511,1.3767,1.3938,14.5738,16.1045,34.7877,30283642,谢书英,0,2786,2369.0
46,银华-道琼斯88指数,180003,指数型-股票,001,001,0.8307,1.1869,1.1434,23.643,23.643,,30279403,周晶,1,2920,1118.0
47,信达澳银领先增长混合,610001,混合型-偏股,002,002,0.1042,0.7607,0.8198,23.576,23.576,,30057956,王咏辉,0,3149,1097.0
48,华商策略精选混合,630008,混合型-灵活,002,002,1.3067,1.3581,1.4156,13.8696,13.8696,24.0397,30284340,周海栋,3,2770,2770.0
49,浦银安盛量化多策略混合A,005865,混合型-灵活,002,002,1.0127,1.0298,0.9956,3.9551,11.6182,,30065466,陈士俊,0,4012,1186.0
50,兴业聚鑫灵活配置混合A,002498,混合型-灵活,002,002,1.1605,1.9461,2.055,2.5424,3.0806,9.3918,30201644,腊博,1,2863,2049.0
51,中加心享混合A,002027,混合型-灵活,002,002,1.4934,1.9477,2.2728,2.4782,2.4782,2.4782,30202054,闫沛贤,0,2966,2168.0
52,中信保诚至兴混合A,005977,混合型-灵活,002,002,2.2961,1.9803,1.6256,18.3736,20.8936,,30056329,闾志刚,0,4315,1256.0
53,国富研究精选混合,450011,混合型-偏股,002,002,1.1061,1.635,1.6816,18.162,18.162,23.1894,30036328,徐荔蓉,0,5492,3483.0
54,融通领先成长混合(LOF)A,161610,混合型-偏股,002,002,0.2427,1.0936,1.2663,23.4471,23.4471,,30038277,邹曦,0,5110,1750.0
55,建信中证500指数增强C,005633,指数型-股票,001,001,0.9987,1.1372,0.9816,10.6597,18.4196,,30161722,叶乐天,0,3545,1359.0
56,广发百发100指数E,000827,指数型-股票,001,001,0.7125,0.8774,1.0656,20,27.8864,31.2439,30301031,季峰,0,2601,2567.0
57,博时稳健回报债券(LOF)C,160514,债券型-混合债,003,003,2.1732,1.9648,1.7672,2.1922,3.0793,,30064759,邓欣雨,0,2992,1321.0
58,中融睿祥纯债A,003071,债券型-长债,003,003,7.9368,3.3928,4.2671,0.2822,1.5379,,30272905,王玥,0,2713,1264.0
59,汇添富美丽30混合,000173,混合型-偏股,002,002,0.5585,0.98,1.0096,23.2117,23.2117,31.8215,30057297,王栩,3,4319,3084.0
60,泰达宏利效率优选混合,162207,混合型-平衡,002,002,-0.2738,0.8105,1.1403,26.927,26.927,32.5427,30050317,吴华,1,2811,2811.0
61,南方安颐混合,003476,混合型-偏债,002,002,0.8478,1.7921,1.873,2.9229,2.9229,,30291930,吴剑毅,1,2696,1816.0
62,浦银安盛盛世精选混合A,519127,混合型-灵活,002,002,1.2367,1.5385,1.761,5.5434,8.7757,8.7757,30285338,褚艳辉,1,2718,2718.0
63,南方沪深300联接基金A,202015,指数型-股票,001,001,-0.0109,0.8043,0.9085,15.66,15.66,29.7666,30163568,罗文杰,8,3148,3123.0
64,华商新趋势优选灵活配置混合,166301,混合型-灵活,002,002,1.1061,1.5899,1.6007,25.6659,25.6659,26.1905,30284340,周海栋,3,2770,2396.0
65,财通鸿益中短债债券C,006361,债券型-中短债,003,003,8.6711,4.7789,5.8399,0.059,0.3821,,30170849,李杰,0,3253,1187.0
66,广发聚利债券(LOF)A,162712,债券型-混合债,003,003,0.6051,0.518,0.6503,5.1448,5.1448,5.1448,30075339,代宇,1,3774,3774.0
67,华安中国A股增强指数,040002,指数型-股票,001,001,0.3796,0.9614,1.0158,12.7523,15.9864,,30044485,许之彦,6,5511,1440.0
68,易方达安悦超短债A,006662,债券型-中短债,003,003,7.3955,4.9314,--,0.1687,--,,30070771,刘朝阳,2,3363,1095.0
69,中银转债增强债券A,163816,债券型-可转债,003,003,1.0081,1.2227,1.2321,11.1592,11.1592,15.3655,30040278,李建,3,5218,3811.0
70,华宝沪深300指数增强A,003876,指数型-股票,001,001,0.098,1.0081,1.1309,15.2634,15.696,,30052616,徐林明,0,4449,1821.0
71,南方绩优成长混合A,202003,混合型-偏股,002,002,0.3251,0.9038,1.1512,20.1375,20.1375,31.9748,30038974,史博,1,4952,3943.0
72,大摩品质生活精选股票,000309,股票型,001,001,1.3238,1.7439,1.5556,11.5319,15.5047,,30178998,何晓春,1,2823,1393.0
73,广发纳斯达克100指数A,270042,QDII,007,007,1.2072,0.9925,0.9505,10.1754,28.8324,,30283311,刘杰,0,2804,1216.0
74,中欧创新成长灵活配置混合A,005275,混合型-灵活,002,002,0.4931,1.2678,1.3954,22.7115,22.7115,,30073914,王培,4,3297,1349.0
75,融通行业景气混合A,161606,混合型-偏股,002,002,-0.0762,0.9069,1.2274,29.5422,29.5422,29.5422,30038277,邹曦,0,5110,3441.0
76,安信消费医药股票,000974,股票型,001,001,-0.4885,0.4822,0.5974,24.213,24.213,31.7767,30282873,陈一峰,3,2784,2091.0
77,华商乐享互联灵活配置混合A,001959,混合型-灵活,002,002,0.8587,1.4763,1.6365,24.3863,24.3863,,30284340,周海栋,3,2770,1104.0
78,万家信用恒利债券C,519189,债券型-长债,003,003,5.9332,3.2979,3.4753,0.1684,0.927,1.6252,30200192,苏谋东,0,3111,3040.0
79,易方达安瑞短债C,006320,债券型-中短债,003,003,6.1556,3.7444,4.7758,0.1192,0.326,,30131213,王晓晨,6,3764,1116.0
80,国富恒瑞债券C,002362,债券型-混合债,003,003,1.2896,1.3083,1.4203,1.7791,3.2126,3.3454,30051822,赵晓东,7,4475,2130.0
81,万家信用恒利债券A,519188,债券型-长债,003,003,6.8775,3.9218,4.0571,0.1662,0.8668,1.6008,30200192,苏谋东,0,3111,3040.0
82,博时信用债券C,050111,债券型-混合债,003,003,0.6238,0.9505,0.9536,10.2102,12.4459,12.4459,30040233,过钧,4,6316,4560.0
83,博时上证50ETF联接A,001237,指数型-股票,001,001,-0.3562,0.4589,0.6596,20.0577,20.0577,26.1139,30164013,赵云阳,0,3308,2249.0
84,易方达安悦超短债C,006663,债券型-中短债,003,003,6.9366,4.4569,--,0.1592,--,,30070771,刘朝阳,2,3363,1095.0
85,南方稳健成长贰号混合,202002,混合型-偏股,002,002,0.7218,1.2663,1.3721,20.664,20.664,28.7213,30037591,应帅,1,5321,3298.0
86,华夏优势增长混合,000021,混合型-偏股,002,002,1.1107,1.3705,1.327,21.5394,22.381,33.7999,30040527,郑晓辉,0,3644,3130.0
87,兴全合宜混合(LOF)A,163417,混合型-灵活,002,002,0.2193,1.3861,1.4172,17.7491,17.7491,,30198031,谢治宇,9,3231,1411.0
88,南方安福混合A,005059,混合型-偏债,002,002,0.8416,1.8543,1.8854,3.0844,3.347,,30291930,吴剑毅,1,2696,1493.0
89,财通鸿益中短债债券A,006360,债券型-中短债,003,003,9.6496,5.3872,6.3921,0.0491,0.3814,,30170849,李杰,0,3253,1187.0
90,广发稳健增长混合A,270002,混合型-平衡,002,002,-0.3469,0.8603,1.285,14.6818,14.6818,14.6818,30040221,傅友兴,2,3224,2553.0
91,国联安鑫发混合A,004131,混合型-偏债,002,002,1.7688,2.2339,2.0161,2.5714,5.9372,,30177040,薛琳,0,3433,1738.0
92,建信沪深300指数增强(LOF)A,165310,指数型-股票,001,001,0.0964,0.9878,1.0438,13.41,13.5584,29.1705,30053299,梁洪昀,2,4412,2446.0
93,中海分红增利混合,398011,混合型-偏股,002,002,0.686,0.9349,1.1714,23.266,23.5666,33.1542,30283066,邱红丽,1,2816,2573.0
94,华泰柏瑞量化增强混合A,000172,混合型-偏股,002,002,0.2209,0.812,0.8789,12.9978,13.3847,30.2767,30197530,田汉卿,2,3046,3046.0
95,国富策略回报混合,450010,混合型-灵活,002,002,1.1807,1.7096,1.5479,16.7257,16.7257,28.4397,30201043,王晓宁,0,3049,3049.0
96,大成景润灵活配置混合,001364,混合型-灵活,002,002,1.2492,1.4654,1.1543,3.6878,14.186,,30058771,黄万青,0,3477,1774.0
97,金鹰主题优势混合,210005,混合型-偏股,002,002,1.1932,1.2554,1.3705,22.7879,22.7879,31.7131,30201169,陈立,0,3033,3033.0
98,中欧价值发现混合A,166005,混合型-偏股,002,002,0.7623,1.1185,0.9303,9.3469,18.2418,25.6544,30040164,曹名长,9,5460,2206.0
99,交银新成长混合,519736,混合型-偏股,002,002,0.5554,1.3767,1.523,20.6572,20.6572,24.6537,30301239,王崇,4,2600,2600.0
100,易方达稳健收益债券A,110007,债券型-混合债,003,003,1.7843,1.5276,1.6334,1.4307,4.1493,4.1493,30159168,胡剑,5,3566,3566.0
101,诺安中证100指数A,320010,指数型-股票,001,001,0.028,0.9629,1.1045,17.4328,17.4328,27.0959,30041150,梅律吾,0,5046,3416.0
102,华商稳定增利债券A,630009,债券型-混合债,003,003,0.756,1.2523,1.2756,12.0723,12.0723,12.0723,30061219,张永志,2,4135,3917.0
103,华安红利精选混合,005521,混合型-偏股,002,002,0.5087,1.0578,1.0983,18.6766,18.6766,,30060263,杨明,2,4929,1415.0
104,景顺长城量化新动力股票,001974,股票型,001,001,0.532,1.1885,1.1776,14.0893,15.7025,27.1565,30201219,黎海威,2,2958,1970.0
105,富国中证500指数增强(LOF)A,161017,指数型-股票,001,001,1.0127,1.1652,1.0267,10.8234,18.2,33.1058,30055839,李笑薇,4,4364,3706.0
106,工银精选金融地产混合A,005937,混合型-偏股,002,002,-0.0622,0.5958,--,17.2893,18.4826,,30200831,王君正,2,3022,1116.0
107,景顺长城量化平衡混合,005258,混合型-灵活,002,002,0.6051,1.3721,1.1636,12.1293,12.1293,,30201219,黎海威,2,2958,1438.0
108,融通通鑫灵活配置混合,001470,混合型-灵活,002,002,1.243,1.6816,1.8279,6.6525,6.6525,6.6525,30181575,余志勇,0,3340,2364.0
109,交银纯债债券发起C,519720,债券型-长债,003,003,7.6133,2.1203,2.4532,0.3287,2.3819,,30041094,于海颖,0,4025,1638.0
110,景顺长城沪港深精选股票,000979,股票型,001,001,0.434,0.8727,0.8914,11.0374,18.5897,21.5833,30289521,鲍无可,4,2717,2016.0
111,博道卓远混合A,006511,混合型-偏股,002,002,0.9209,1.4872,1.411,12.4994,17.6449,,30197926,袁争光,2,2720,1123.0
112,中银新动力股票,000996,股票型,001,001,0.5227,1.2943,1.3814,25.5021,25.5021,,30061323,吴印,1,3824,1311.0
113,华安黄金易ETF联接A,000216,商品（不含QDII）,002,002,-0.4169,0.266,0.602,11.3694,20.5886,20.5886,30044485,许之彦,6,5511,3026.0
114,易方达恒生国企ETF联接A,110031,QDII,007,007,-1.0921,-0.5476,-0.3671,29.6012,29.6012,,30066753,余海燕,0,3670,1211.0
115,华宝量化对冲混合C,000754,混合型-平衡,002,002,-0.1929,0.6456,0.7358,2.722,2.722,3.0634,30052616,徐林明,0,4449,2635.0
116,国泰国证航天军工指数,501019,指数型-股票,001,001,1.1061,1.3223,1.1589,26.4744,26.4744,,30277862,艾小军,2,2882,1711.0
117,富国信用债债券A/B,000191,债券型-长债,003,003,10.0805,3.4068,4.0773,0.2048,1.872,1.9604,30072562,黄纪亮,0,3203,2723.0
118,上投摩根亚太优势混合,377016,QDII,007,007,-0.3796,0.4154,0.4729,24.1379,28.0045,28.0045,30043326,张军,0,5019,5019.0
119,工银添颐债券B,485014,债券型-混合债,003,003,1.7999,1.467,1.2072,5.5019,6.7322,10.8717,30037206,杜海涛,9,5931,3769.0
120,华安稳固收益债券C,040019,债券型-混合债,003,003,1.1901,1.1527,1.1247,3.5467,3.5467,3.5467,30040525,郑可成,1,4461,4001.0
121,华泰柏瑞量化阿尔法A,005055,混合型-灵活,002,002,0.7389,1.3223,1.1372,9.5006,16.1676,,30197530,田汉卿,2,3046,1530.0
122,富国天惠成长混合C,003494,混合型-偏股,002,002,0.2411,1.1947,1.3565,17.7663,17.7663,,30040544,朱少醒,2,5862,1717.0
123,华安沪深300增强A,000312,指数型-股票,001,001,0.392,1.1185,1.1636,17.681,17.681,,30044485,许之彦,6,5511,1440.0
124,易方达安心回报债券A,110027,债券型-混合债,003,003,1.2243,1.411,1.3876,6.019,6.3991,11.6064,30075384,张清华,6,2903,2903.0
125,中欧新动力混合(LOF)A,166009,混合型-偏股,002,002,0.6129,1.5883,1.635,13.5101,16.9504,25.7261,30052841,王健,2,3897,1857.0
126,交银稳健配置混合A,519690,混合型-灵活,002,002,0.4838,1.0267,1.0003,11.1373,14.9997,,30301238,陈孜铎,0,2600,1249.0
127,泓德优选成长混合,001256,混合型-偏股,002,002,0.6596,1.4623,1.3534,13.1028,16.874,19.7127,30061544,王克玉,3,4011,2248.0
128,中加纯债债券,000914,债券型-长债,003,003,6.3719,2.3879,3.4208,0.2685,2.768,2.768,30202054,闫沛贤,0,2966,2544.0
129,申万菱信安鑫优选混合C,003512,混合型-偏债,002,002,1.0967,1.9523,1.9523,4.7475,4.7951,5.3953,30201072,叶瑜珍,0,3049,1853.0
130,鹏华弘润混合A,001190,混合型-灵活,002,002,2.7317,2.3755,2.3226,2.0125,3.6029,3.6029,30282114,李君,0,3229,2388.0
131,中银益利混合A,002616,混合型-灵活,002,002,1.2398,1.6972,1.7874,6.8512,6.8512,6.8512,30079452,杨成,0,3615,2049.0
132,易方达沪深300医药联接A,001344,指数型-股票,001,001,0.0249,0.6736,0.6891,28.2411,28.2411,,30066753,余海燕,0,3670,1473.0
133,工银新蓝筹股票A,001651,股票型,001,001,0.2785,1.4965,1.4561,14.315,15.4447,26.3636,30040414,王筱苓,1,4119,2312.0
134,华夏鼎沛债券C,005887,债券型-混合债,003,003,0.5943,1.1465,1.2476,7.3929,13.4935,,30276903,柳万军,1,2895,1257.0
135,广发沪深300ETF联接C,002987,指数型-股票,001,001,-0.0591,0.6783,0.8012,15.8676,15.8676,29.3461,30283311,刘杰,0,2804,1977.0
136,博时鑫惠混合C,004150,混合型-灵活,002,002,1.3192,2.1483,2.0301,3.4892,3.9415,,30157009,杨永光,0,3566,1776.0
137,华富收益增强债券A,410004,债券型-混合债,003,003,1.5152,1.3892,1.4374,2.2745,2.2745,,30282655,尹培俊,1,2830,1194.0
138,华商优势行业混合,000390,混合型-灵活,002,002,0.8027,1.2725,1.4187,24.0719,24.0719,24.9884,30284340,周海栋,3,2770,1947.0
139,华泰柏瑞沪深300ETF联接C,006131,指数型-股票,001,001,-0.154,0.6425,0.7763,16.2663,16.2663,,30050008,柳军,8,4566,1251.0
140,华夏沪深300ETF联接C,005658,指数型-股票,001,001,-0.1447,0.6347,0.7638,16.3355,16.3355,,30050861,张弘弢,2,4530,1401.0
141,建信鑫荣回报灵活配置混合,001498,混合型-灵活,002,002,1.2367,1.6894,1.8108,2.5826,6.7541,,30161722,叶乐天,0,3545,1657.0
142,华夏国企改革混合,001924,混合型-灵活,002,002,1.2974,1.5385,1.4452,25.6318,25.6318,33.399,30040527,郑晓辉,0,3644,2201.0
143,招商大盘蓝筹混合,217010,混合型-偏股,002,002,0.1431,1.3923,1.4794,19.2015,19.2015,30.2442,30176884,郭锐,0,3434,2439.0
144,广发聚鑫债券A,000118,债券型-混合债,003,003,0.9287,1.6396,1.5743,3.5324,9.4381,11.1284,30159178,张芊,0,3277,3067.0
145,中银丰利混合A,002430,混合型-灵活,002,002,0.9738,1.6179,1.9119,6.1803,6.1803,6.1803,30079452,杨成,0,3615,1941.0
146,易方达中盘成长混合,005875,混合型-偏股,002,002,0.3687,1.3487,1.5323,19.9994,19.9994,,30056227,冯波,0,4356,1249.0
147,嘉实优质企业混合,070099,混合型-偏股,002,002,0.2816,1.0267,1.1901,27.6356,27.6356,32.3246,30050178,胡涛,1,4409,2663.0
148,国泰聚信价值优势混合A,000362,混合型-灵活,002,002,0.98,1.6645,1.6785,11.8009,14.7384,32.4786,30042300,程洲,2,4993,2909.0
149,汇添富沪深300指数增强A,005530,指数型-股票,001,001,0.0016,1.0656,1.1589,15.9623,15.9623,,30057296,吴振翔,0,4319,1352.0
150,华安稳固收益债券A,002534,债券型-混合债,003,003,1.2523,1.2414,1.229,3.5205,3.5205,3.5205,30040525,郑可成,1,4461,2083.0
151,广发聚财信用债券A,270029,债券型-混合债,003,003,0.8696,0.4527,0.6643,2.7657,3.1906,3.1906,30075339,代宇,1,3774,3553.0
152,中欧新蓝筹混合A,166002,混合型-灵活,002,002,0.308,1.0329,1.3487,16.6454,16.6454,24.6987,30040539,周蔚文,2,5367,3848.0
153,长城久泰沪深300指数A,200002,指数型-股票,001,001,0.0529,0.8027,0.9536,15.1749,15.1749,28.2581,30039950,杨建华,0,6374,4485.0
154,建信纯债债券C,531021,债券型-长债,003,003,4.9609,2.6352,2.811,0.3137,1.3201,1.3201,30048530,黎颖芳,0,4671,3306.0
155,天弘永利债券B,420102,债券型-混合债,003,003,1.8419,2.2806,2.2463,2.6274,2.6274,5.4212,30180540,姜晓丽,5,3410,3410.0
156,融通医疗保健行业混合A/B,161616,混合型-偏股,002,002,0.4169,1.2243,1.2663,26.3127,26.3127,,30185774,蒋秀蕾,1,2872,1415.0
157,博时量化多策略股票A,005635,股票型,001,001,0.77,1.3518,1.1683,10.3516,15.7094,,30040249,黄瑞庆,0,3995,1341.0
158,南方优势产业(LOF),160142,混合型-灵活,002,002,0.182,0.4807,--,3.548,3.548,,30064073,李璇,2,4091,1240.0
159,博时卓越品牌混合(LOF),160512,混合型-偏股,002,002,0.3531,1.0532,1.1123,28.1318,28.1318,,30066836,王增财,0,2816,1237.0
160,中银多策略混合A,000572,混合型-灵活,002,002,0.1696,1.8123,1.8248,4.2644,4.2644,4.2644,30040278,李建,3,5218,2805.0
161,前海开源睿远稳健增利混合C,000933,混合型-偏债,002,002,1.0625,1.4016,1.1978,2.9412,8.1884,8.1884,30040309,刘静,2,4055,2516.0
162,国寿安保稳惠混合,002148,混合型-灵活,002,002,1.0018,1.5214,1.4078,21.9885,23.7465,23.7465,30284212,吴坚,0,2739,2200.0
163,建信稳定得利债券C,000876,债券型-混合债,003,003,2.0254,1.887,1.8559,1.4883,2.1887,2.1887,30048530,黎颖芳,0,4671,2559.0
164,中银增利债券,163806,债券型-混合债,003,003,-0.2753,0.8136,1.4623,2.8829,2.8829,2.8829,30059051,奚鹏洲,4,4217,4203.0
165,安信目标收益债券C,750003,债券型-长债,003,003,5.4323,3.4022,3.4022,0.7326,2.8131,2.8131,30283265,张翼飞,0,2810,2091.0
166,民生加银新兴成长混合,006058,混合型-偏股,002,002,0.7654,1.4576,1.6054,20.4782,20.4782,,30297382,孙伟,6,2707,1184.0
167,兴全合润混合(LOF),163406,混合型-偏股,002,002,0.4231,1.5556,1.6848,15.4794,16.1951,30.9395,30198031,谢治宇,9,3231,3231.0
168,国富中国收益混合,450001,混合型-平衡,002,002,1.285,2.0565,2.0519,12.4224,12.4224,15.1374,30036328,徐荔蓉,0,5492,4083.0
169,华商可转债债券A,005273,债券型-可转债,003,003,1.0252,1.3021,1.1418,20.0697,20.0697,,30061219,张永志,2,4135,1443.0
170,华夏恒生ETF联接A,000071,QDII,007,007,-0.6876,-0.4247,-0.2707,22.581,22.581,24.3587,30106590,徐猛,1,3162,2175.0
171,广发双债添利债券A,270044,债券型-长债,003,003,3.7817,1.1838,1.9414,0.5655,2.8081,2.8081,30075339,代宇,1,3774,2383.0
172,华泰柏瑞稳健收益债券A,460008,债券型-长债,003,003,2.643,0.7483,1.3378,0.5253,3.105,3.105,30071232,董元星,0,3405,2971.0
173,兴全全球视野股票,340006,股票型,001,001,0.8198,1.2865,1.4265,14.9809,15.1261,,30049498,王品,0,4039,1537.0
174,农银汇理金聚高等级债券,660016,债券型-长债,003,003,5.2269,9.9047,10.6499,0.4724,--,--,30040363,史向明,0,4773,3224.0
175,华安安享混合,000708,混合型-灵活,002,002,0.9785,1.4794,1.6334,1.5789,1.5789,,30040525,郑可成,1,4461,1760.0
176,中银锦利灵活配置混合A,003850,混合型-灵活,002,002,1.2678,1.6956,1.8325,6.765,6.765,,30079452,杨成,0,3615,1808.0
177,永赢惠添利灵活配置混合,005711,混合型-灵活,002,002,-0.6005,0.574,0.9987,21.7178,21.7178,,30161477,李永兴,1,2632,1283.0
178,汇添富经典成长定开混合,501065,混合型-偏股,002,002,-0.1151,1.1418,--,26.2306,--,,30283282,雷鸣,3,2809,1095.0
179,华富成长趋势混合,410003,混合型-偏股,002,002,0.9583,1.5385,1.4359,13.7911,19.9209,,30298306,陈启明,0,2626,1726.0
180,中银双息回报混合,006243,混合型-偏股,002,002,0.7872,1.551,1.495,12.7948,12.7948,,30040278,李建,3,5218,1164.0
181,大成景尚灵活配置混合A,003692,混合型-灵活,002,002,2.0814,3.1284,3.0179,2.6102,2.6102,2.6102,30200417,王磊,0,3102,1849.0
182,天弘互联网混合,001210,混合型-灵活,002,002,0.2271,0.7249,1.0345,24.6217,31.9239,34.1651,30036857,陈国光,0,3358,2112.0
183,华夏沪深300ETF联接A,000051,指数型-股票,001,001,-0.1291,0.6503,0.7794,16.219,16.219,29.5745,30050861,张弘弢,2,4530,4530.0
184,博时新收益A,002095,混合型-灵活,002,002,1.2321,1.5276,1.5059,14.473,14.473,14.473,30040233,过钧,4,6316,2105.0
185,华夏双债债券A,000047,债券型-混合债,003,003,1.0407,1.6521,1.4934,5.6277,5.6277,5.6277,30276903,柳万军,1,2895,2333.0
186,华商盛世成长混合,630002,混合型-偏股,002,002,0.8167,1.1029,1.0361,21.2346,21.2346,,30284340,周海栋,3,2770,1444.0
187,泰信鑫选灵活配置混合C,002580,混合型-灵活,002,002,0.7156,0.7887,0.854,27.4693,27.4693,34.8792,30156331,董山青,0,3573,2039.0
188,博时黄金ETF联接C,002611,商品（不含QDII）,002,002,-0.4356,0.2567,0.5865,11.2803,20.43,20.43,30164013,赵云阳,0,3308,2017.0
189,长盛转型升级主题灵活配置混合,001197,混合型-灵活,002,002,0.868,1.3752,1.2336,20.7755,20.7755,,30042940,吴达,0,4803,1293.0
190,海富通欣享灵活配置混合C,519228,混合型-灵活,002,002,1.3316,2.2697,2.3443,3.7063,3.7063,,30293314,谈云飞,0,2684,1730.0
191,富国中证国有企业改革指数(LOF)A,161026,指数型-股票,001,001,0.2271,0.784,0.8323,13.5468,15.3929,30.5195,30069488,王保合,0,3929,2425.0
192,前海联合国民健康混合A,003581,混合型-灵活,002,002,0.1556,1.0812,0.9598,27.6563,27.6563,,30184620,林材,0,2892,1801.0
193,华夏港股通精选股票发起式(LOF)A,160322,股票型,001,001,-0.0809,0.4807,--,24.6249,24.6249,31.8485,30201218,李湘杰,0,2761,1849.0
194,易方达沪深300ETF联接A,110020,指数型-股票,001,001,-0.0342,0.7343,0.84,15.7743,15.7743,29.2386,30066753,余海燕,0,3670,2058.0
195,国寿安保稳信混合A,004301,混合型-偏债,002,002,0.6378,1.7143,1.6614,5.0008,5.0008,,30276918,董瑞倩,0,2690,1732.0
196,华夏睿磐泰荣混合A,005140,混合型-偏债,002,002,2.069,1.8045,1.7828,2.921,3.9945,,30199875,毛颖,0,3127,1426.0
197,嘉实新兴市场A1(QDII),000342,QDII,007,007,-1.5199,-0.9194,-0.1229,7.4186,21.2185,21.2185,30066081,关子宏,0,2930,2930.0
198,南方房地产ETF联接C,004643,指数型-股票,001,001,-0.9614,-0.2551,0.014,23.0047,30.6154,,30163568,罗文杰,8,3148,1563.0
199,汇添富成长焦点混合,519068,混合型-偏股,002,002,-0.0824,0.8634,1.0718,31.7559,31.7559,31.859,30283282,雷鸣,3,2809,2809.0
200,申万菱信安鑫优选混合A,003493,混合型-偏债,002,002,1.1387,2.0005,1.9943,4.7156,4.8569,5.2045,30201072,叶瑜珍,0,3049,1853.0
201,安信稳健增值混合C,001338,混合型-灵活,002,002,1.4825,1.7159,2.0706,1.7702,1.7702,1.9417,30283265,张翼飞,0,2810,2385.0
202,银河丰利纯债债券,519654,债券型-长债,003,003,3.788,1.7143,1.803,0.376,2.9338,2.9338,30056566,韩晶,2,4342,2095.0
203,华安策略优选混合A,040008,混合型-偏股,002,002,0.5507,1.0812,1.1496,15.8411,15.8411,26.2305,30060263,杨明,2,4929,3104.0
204,泰康兴泰回报沪港深混合,004340,混合型-偏债,002,002,0.5616,1.7781,1.915,4.4335,4.7334,,30075270,桂跃强,6,3690,1633.0
205,富国中国中小盘混合(QDII)人民币,100061,QDII,007,007,0.0218,0.8385,0.7405,22.2428,22.2428,24.1274,30070935,张峰,2,3889,3378.0
206,华宝量化对冲混合A,000753,混合型-平衡,002,002,-0.1027,0.7529,0.8292,2.6047,2.6047,2.6878,30052616,徐林明,0,4449,2635.0
207,银河智造混合,519642,混合型-灵活,002,002,1.1729,1.6536,1.6303,24.296,24.296,33.8721,30135006,张杨,2,3708,2094.0
208,工银增强收益债券B,485005,债券型-混合债,003,003,1.229,1.3705,0.8478,2.3742,7.55,7.55,30037206,杜海涛,9,5931,5321.0
209,鹏华丰和债券(LOF)A,160621,债券型-混合债,003,003,0.7078,0.7887,0.9583,3.8115,12.835,12.835,30053793,戴钢,0,3649,3316.0
210,汇添富成长多因子量化策略股票,001050,股票型,001,001,0.98,1.4063,1.3005,10.3068,15.1085,30.4239,30057296,吴振翔,0,4319,2483.0
211,前海开源润和债券A,004602,债券型-长债,003,003,2.8733,1.0998,1.3643,0.8288,4.0357,,30036316,王旭巍,0,5720,1354.0
212,安信鑫安得利混合C,001400,混合型-灵活,002,002,0.6223,1.5852,1.5836,2.3962,5.1771,5.1771,30069125,庄园,2,3055,2374.0
213,华夏稳增混合,519029,混合型-偏股,002,002,0.2473,0.8152,0.8774,28.8422,28.8422,32.8997,30277939,彭海伟,0,2878,2490.0
214,易方达双债增强债券C,110036,债券型-混合债,003,003,1.607,1.8325,1.7345,9.4207,9.9477,9.9477,30131213,王晓晨,6,3764,1827.0
215,大成沪深300指数A,519300,指数型-股票,001,001,-0.1105,0.7763,0.8447,14.3808,14.7951,30.0659,30158275,苏秉毅,0,3586,2101.0
216,景顺长城领先回报混合C,001379,混合型-灵活,002,002,1.6894,2.4408,1.8559,2.51,5.6525,,30283641,徐喻军,0,2786,1638.0
217,华夏新机遇混合A,002411,混合型-灵活,002,002,1.2041,1.9025,1.9461,3.7154,3.7154,,30198442,董阳阳,0,3190,1548.0
218,新华鑫回报混合,001682,混合型-灵活,002,002,1.0827,0.9318,1.1901,2.0657,12.182,32.5724,30291932,姚秋,0,2696,2285.0
219,安信新成长混合A,003345,混合型-灵活,002,002,0.9069,1.7734,1.887,2.6968,2.9639,2.9639,30282873,陈一峰,3,2784,1892.0
220,工银中小盘混合,481010,混合型-偏股,002,002,1.299,1.9399,1.7236,25.6552,25.6552,,30139227,黄安乐,0,3664,1347.0
221,华夏上证50ETF联接A,001051,指数型-股票,001,001,-0.4994,0.2878,0.4962,21.8336,21.8336,26.3158,30106590,徐猛,1,3162,1829.0
222,广发双擎升级混合A,005911,混合型-偏股,002,002,0.7218,1.285,1.733,27.2339,27.2339,,30201494,刘格菘,0,2790,1128.0
223,易方达纯债债券A,110037,债券型-长债,003,003,5.1009,1.7081,2.3303,0.1827,3.0169,3.0169,30291931,张雅君,6,2695,2520.0
224,易方达上证50增强C,004746,指数型-股票,001,001,-0.3702,0.5943,0.8976,28.7375,28.7375,,30057450,张胜记,2,4268,1642.0
225,南方荣光C,002016,混合型-灵活,002,002,1.0578,2.139,1.8232,1.7065,2.8007,,30189735,郑迎迎,1,3201,1577.0
226,国泰策略价值灵活配置混合,020022,混合型-灵活,002,002,1.4841,1.4623,1.4887,15.1394,15.1394,,30277862,艾小军,2,2882,1734.0
227,易方达信息产业混合,001513,混合型-偏股,002,002,1.1558,1.2678,1.4094,25.2452,25.2452,28.4962,30189730,郑希,0,3354,1894.0
228,富国高新技术产业混合,100060,混合型-偏股,002,002,0.2473,1.4265,1.5914,23.4432,23.8498,34.9039,30288458,李元博,0,2602,2203.0
229,工银新生利混合,002000,混合型-偏债,002,002,1.6505,2.0332,1.7703,5.1395,5.1395,,30272179,李敏,0,2977,1801.0
230,广发核心精选混合,270008,混合型-偏股,002,002,-0.0824,1.1901,1.1854,20.2807,20.2807,,30198131,程琨,0,3224,1125.0
231,中欧瑞丰灵活配置混合(LOF)A,166023,混合型-灵活,002,002,0.1633,1.0765,1.3518,21.9237,21.9237,,30040539,周蔚文,2,5367,1587.0
232,华宝宝康消费品,240001,混合型-平衡,002,002,0.2116,1.2243,1.3176,12.4363,12.4363,23.0806,30049770,胡戈游,1,4574,3949.0
233,长信纯债壹号债券A,519985,债券型-长债,003,003,4.0447,2.2292,2.7208,0.2003,1.4887,2.6056,30040506,张文琍,2,5852,4177.0
234,南方房地产ETF联接A,004642,指数型-股票,001,001,-0.9427,-0.2365,0.0327,22.7091,30.0343,,30163568,罗文杰,8,3148,1563.0
235,工银金融地产混合A,000251,混合型-偏股,002,002,-0.2007,0.4122,0.6223,18.8496,18.8496,25.5165,30200831,王君正,2,3022,3022.0
236,工银全球精选股票(QDII),486002,QDII,007,007,0.6767,0.5663,--,6.4204,28.6861,28.6861,30055955,游凛峰,0,4361,4211.0
237,嘉实多元债券B,070016,债券型-混合债,003,003,1.0781,1.4654,1.2927,4.822,6.296,6.296,30040408,王茜,2,6518,4677.0
238,嘉实沪深300ETF联接C,160724,指数型-股票,001,001,-0.1353,0.6176,0.7529,16.3712,16.3712,,30284601,何如,2,2766,1214.0
239,南方利众C,001505,混合型-灵活,002,002,0.7249,1.677,2.1219,2.962,4.9482,4.9482,30291930,吴剑毅,1,2696,2361.0
240,华安新活力混合,000590,混合型-灵活,002,002,1.6956,1.9912,2.0628,1.1612,3.9201,,30043456,贺涛,0,4966,1760.0
241,易方达投资级信用债债券C,000206,债券型-长债,003,003,4.1784,1.4701,2.0301,0.2662,2.9321,3.0686,30131213,王晓晨,6,3764,3007.0
242,前海开源国家比较优势混合A,001102,混合型-灵活,002,002,0.4962,1.4219,1.5479,29.5072,29.5072,34.4409,30198132,曲扬,1,2941,2402.0
243,海富通欣享灵活配置混合A,519229,混合型-灵活,002,002,1.3581,2.2992,2.3272,3.7042,3.7042,,30293314,谈云飞,0,2684,1730.0
244,大成债券A/B,090002,债券型-混合债,003,003,1.845,1.3954,1.2803,3.1199,3.1199,3.1199,30040406,王立,1,5440,4578.0
245,国联安鑫享灵活配置混合C,002186,混合型-灵活,002,002,1.4763,2.5917,1.5976,3.3711,10.9955,29.4253,30177040,薛琳,0,3433,2198.0
246,建信恒久价值混合,530001,混合型-偏股,002,002,1.9181,2.0239,1.8108,19.3576,19.3576,,30079450,陶灿,0,3799,1718.0
247,中银产业债债券A,163827,债券型-混合债,003,003,1.2958,1.1838,1.1169,2.4087,4.6745,4.6745,30069893,白洁,0,3915,2648.0
248,易方达中债新综指(LOF)A,161119,债券型-长债,003,003,4.7431,1.7999,2.1919,0.5606,3.4589,3.4589,30131213,王晓晨,6,3764,2709.0
249,博时黄金ETF联接A,002610,商品（不含QDII）,002,002,-0.406,0.28,0.6114,11.2321,20.2728,20.2728,30164013,赵云阳,0,3308,2017.0
250,工银瑞享纯债债券,002997,债券型-长债,003,003,7.9275,2.1374,2.9464,0.3372,3.0503,3.0503,30067891,何秀红,1,3950,1909.0
251,工银产业债债券B,000046,债券型-混合债,003,003,1.0641,1.3923,1.5727,3.2939,3.2939,3.2939,30067891,何秀红,1,3950,3172.0
252,国泰聚优价值灵活配置混合A,005244,混合型-灵活,002,002,0.8509,1.4779,1.5027,12.1256,16.0055,,30042300,程洲,2,4993,1480.0
253,银河收益混合,151002,债券型-混合债,003,003,1.6568,1.8574,1.7361,3.8977,3.8977,3.8977,30056566,韩晶,2,4342,2706.0
254,鹏华研究精选灵活配置混合,005028,混合型-灵活,002,002,1.0112,1.6256,1.649,23.1761,23.1761,,30079581,梁浩,0,3796,1517.0
255,南方1-3年国开债A,006491,债券型-长债,003,003,4.39,1.9383,2.3241,0.3733,1.9137,,30170018,夏晨曦,0,3424,1122.0
256,华泰柏瑞沪深300ETF联接A,460300,指数型-股票,001,001,-0.1385,0.6565,0.7903,16.1678,16.1678,29.5483,30050008,柳军,8,4566,3476.0
257,国联安通盈混合C,002485,混合型-灵活,002,002,1.2725,0.9349,1.1138,3.8615,3.9577,10.7617,30177040,薛琳,0,3433,1870.0
258,广发创新升级混合,002939,混合型-灵活,002,002,0.812,1.4016,1.6739,27.1491,27.1491,,30201494,刘格菘,0,2790,1613.0
259,中银锦利灵活配置混合C,003851,混合型-灵活,002,002,1.2554,1.6848,1.8201,6.7857,6.7857,,30079452,杨成,0,3615,1808.0
260,浦银安盛沪深300指数增强,519116,指数型-股票,001,001,0.0373,0.8587,1.0314,18.8616,18.8616,26.5293,30065466,陈士俊,0,4012,4012.0
261,新华增盈回报债券,000973,债券型-混合债,003,003,0.4449,1.3658,1.4094,2.4149,3.4512,3.4512,30291932,姚秋,0,2696,2368.0
262,广发双债添利债券C,270045,债券型-长债,003,003,3.1797,0.8214,1.5992,0.5972,3.0262,3.0262,30075339,代宇,1,3774,2383.0
263,长信稳益纯债,003349,债券型-长债,003,003,5.2752,2.3288,2.3879,0.2067,1.9467,5.484,30040506,张文琍,2,5852,1850.0
264,博时鑫泰混合C,004176,混合型-灵活,002,002,0.798,1.6661,1.901,4.096,5.8136,,30157009,杨永光,0,3566,1789.0
265,华泰柏瑞量化先行混合A,460009,混合型-偏股,002,002,0.9225,1.2087,1.0641,10.863,17.1141,30.3739,30197530,田汉卿,2,3046,2453.0
266,兴全沪深300指数(LOF)A,163407,指数型-股票,001,001,-0.4107,0.5585,0.7918,20.816,20.816,24.4927,30064163,申庆,1,4050,4050.0
267,华安宏利混合,040005,混合型-偏股,002,002,1.3596,1.3441,1.4856,23.0839,23.0839,27.4648,30040392,王春,1,4141,2229.0
268,安信宝利债券(LOF),167501,债券型-混合债,003,003,0.5196,0.6331,1.3378,1.7127,1.9256,1.9256,30069125,庄园,2,3055,3055.0
269,广发小盘成长混合(LOF)A,162703,混合型-偏股,002,002,0.5896,1.2772,1.5167,26.4058,26.4058,,30201494,刘格菘,0,2790,1629.0
270,中银双利债券A,163811,债券型-混合债,003,003,0.0638,0.9505,1.2041,3.291,5.138,5.4405,30059051,奚鹏洲,4,4217,4028.0
271,易方达恒生国企ETF联接C,005675,QDII,007,007,-1.1045,-0.5554,-0.3282,29.7312,29.7312,,30066753,余海燕,0,3670,1211.0
272,安信目标收益债券A,750002,债券型-长债,003,003,5.4369,3.5733,3.6635,0.7227,2.693,2.693,30283265,张翼飞,0,2810,2091.0
273,招商信用添利债券(LOF)A,161713,债券型-混合债,003,003,9.4023,2.8048,3.3431,0.3159,2.1603,2.1603,30276611,向霈,0,2899,2370.0
274,景顺长城优势企业混合,000532,混合型-偏股,002,002,0.4698,1.2896,1.4716,26.8824,26.8824,32.1637,30165005,江科宏,0,3462,2382.0
275,长信利丰债券C,519989,债券型-混合债,003,003,0.9443,1.2725,1.1356,4.2702,5.0761,,30040277,李家春,0,4508,1096.0
276,前海开源睿远稳健增利混合A,000932,混合型-偏债,002,002,1.2056,1.5339,1.2787,2.8085,8.1176,8.1176,30040309,刘静,2,4055,2516.0
277,建信纯债债券A,530021,债券型-长债,003,003,5.5303,3.049,3.2715,0.2832,1.2409,1.2409,30048530,黎颖芳,0,4671,3306.0
278,南方利众A,001335,混合型-灵活,002,002,0.7343,1.6832,1.9974,3.0223,4.9774,5.2377,30291930,吴剑毅,1,2696,2389.0
279,浦银安盛盛世精选混合C,519177,混合型-灵活,002,002,1.1978,1.5183,1.7454,5.5673,8.8641,8.8641,30285338,褚艳辉,1,2718,2206.0
280,融通收益增强债券A,004025,债券型-混合债,003,003,1.537,1.3985,1.5307,4.5466,4.5466,,30197370,张一格,0,3120,1557.0
281,景顺长城核心竞争力混合A,260116,混合型-偏股,002,002,0.5554,1.2787,1.3316,20.0039,20.0039,33.7764,30060238,余广,1,4207,3637.0
282,博时稳健回报债券(LOF)A,160513,债券型-混合债,003,003,2.2572,2.0565,1.8668,2.1923,3.0406,,30064759,邓欣雨,0,2992,1321.0
283,景顺长城领先回报混合A,001362,混合型-灵活,002,002,1.7548,2.4843,1.8948,2.5113,5.6126,,30283641,徐喻军,0,2786,1638.0
284,民生加银高等级信用债C,000089,债券型-长债,003,003,0.1665,-0.6207,-0.4371,1.5775,16.9203,16.9203,30282657,李文君,0,2710,2047.0
285,华宝标普中国A股红利机会指数A,501029,指数型-股票,001,001,0.6705,0.896,0.77,9.93,22.2612,,30191326,胡洁,2,3336,1781.0
286,中欧价值发现混合C,004232,混合型-偏股,002,002,0.7125,1.0781,0.8867,9.44,18.5001,,30040164,曹名长,9,5460,1787.0
287,国寿安保目标策略混合发起A,004818,混合型-灵活,002,002,1.1652,1.4187,1.1589,3.7378,17.0286,,30061388,张琦,0,4050,1502.0
288,银河泰利纯债A,519675,债券型-长债,003,003,3.4473,0.9334,0.8727,0.3379,4.4869,4.4869,30056566,韩晶,2,4342,2095.0
289,易方达平稳增长混合,110001,混合型-平衡,002,002,1.3938,1.6334,1.5012,14.7436,14.7436,23.6562,30189737,陈皓,1,3354,3354.0
290,鹏华弘利混合A,001122,混合型-灵活,002,002,1.7936,1.8076,1.8761,3.3619,5.1141,5.1141,30282114,李君,0,3229,2388.0
291,国泰聚信价值优势混合C,000363,混合型-灵活,002,002,0.9583,1.6459,1.6583,11.8441,14.8983,32.7743,30042300,程洲,2,4993,2909.0
292,工银14天理财债券发起A,485120,债券型-中短债,003,003,4.2796,8.3927,10.0136,0.1967,--,--,30196298,谷衡,0,3308,3308.0
293,前海开源沪港深蓝筹精选混合A,001837,混合型-灵活,002,002,0.4418,0.9054,0.6985,31.1177,31.1177,31.1177,30198132,曲扬,1,2941,2188.0
294,汇添富优势精选混合,519008,混合型-偏股,002,002,0.6285,1.1294,1.1216,23.4462,23.4462,31.9432,30057297,王栩,3,4319,4319.0
295,易方达增强回报债券A,110017,债券型-混合债,003,003,1.1605,1.733,1.8668,2.2906,3.7178,3.7178,30131213,王晓晨,6,3764,3764.0
296,招商安心收益债券C,217011,债券型-混合债,003,003,11.0497,4.3713,4.7758,0.1719,1.5759,1.5759,30283266,马龙,7,2809,2809.0
297,广发聚鑫债券C,000119,债券型-混合债,003,003,0.8416,1.5836,1.5416,3.6082,9.5273,11.3726,30159178,张芊,0,3277,3067.0
298,富国大盘价值量化精选混合A,006022,混合型-偏股,002,002,0.5989,0.9941,1.1372,13.3528,15.15,,30072180,徐幼华,1,3858,1234.0
299,嘉实稳固收益债券C,070020,债券型-混合债,003,003,0.8463,1.3425,1.327,3.7407,4.5409,4.5409,30140597,胡永青,0,3498,2422.0
300,广发集利一年定开债A,000267,债券型-长债,008,008,--,--,--,2.2341,3.2712,3.2712,30075339,代宇,1,3774,3027.0
301,富国沪深300指数增强A,100038,指数型-股票,001,001,0.098,0.6363,0.8292,16.1317,16.1317,25.7386,30055839,李笑薇,4,4364,4364.0
302,国联安安稳混合,002367,混合型-灵活,002,002,-0.0793,1.3876,1.1636,6.8519,18.1493,,30057836,邹新进,1,4291,1355.0
303,易方达纯债债券C,110038,债券型-长债,003,003,4.3962,1.4094,2.0285,0.1828,3.1111,3.1111,30291931,张雅君,6,2695,2520.0
304,鹏华宏观灵活配置混合,206013,混合型-灵活,002,002,0.8323,1.4032,1.1885,2.0958,6.2557,6.2557,30053793,戴钢,0,3649,3461.0
305,嘉实新趋势混合,002222,混合型-灵活,002,002,1.1558,2.2028,1.8356,4.5426,4.5426,4.5426,30198173,刘宁,0,3193,2066.0
306,泓德优势领航混合,002808,混合型-灵活,002,002,0.6471,1.5961,1.537,13.0893,15.5482,,30061544,王克玉,3,4011,1809.0
307,景顺长城动力平衡混合,260103,混合型-平衡,002,002,0.2178,1.1745,1.3783,15.3419,15.3419,30.7698,30142282,刘苏,0,3482,2258.0
308,华泰柏瑞创新升级混合A,000566,混合型-偏股,002,002,0.9007,1.397,1.3332,22.3451,22.3451,22.3451,30201905,张慧,0,3001,2769.0
309,民生加银策略精选混合A,000136,混合型-灵活,002,002,0.8992,1.5012,1.6661,19.3804,19.3804,22.0042,30297382,孙伟,6,2707,2707.0
310,国富潜力组合混合A,450003,混合型-偏股,002,002,0.7343,1.5447,1.5696,17.7171,17.7171,24.6835,30036328,徐荔蓉,0,5492,2843.0
311,中银双利债券B,163812,债券型-混合债,003,003,-0.0482,0.8665,1.1216,3.3058,5.1282,5.7421,30059051,奚鹏洲,4,4217,4028.0
312,汇添富中证主要消费ETF联接A,000248,指数型-股票,001,001,0.2069,0.9583,1.2912,31.769,31.769,33.3176,30057296,吴振翔,0,4319,2447.0
313,华宝可转债债券A,240018,债券型-可转债,003,003,2.0877,1.8294,1.7796,7.8927,10.0539,17.7822,30075269,李栋梁,0,3812,2012.0
314,华夏上证50ETF联接C,005733,指数型-股票,001,001,-0.5165,0.2722,0.4838,21.9592,21.9592,,30106590,徐猛,1,3162,1367.0
315,工银丰盈回报灵活配置混合A,001320,混合型-灵活,002,002,0.3858,1.2212,1.257,29.6471,29.6471,29.6471,30200831,王君正,2,3022,2388.0
316,汇添富蓝筹稳健混合A,519066,混合型-灵活,002,002,-0.1058,0.9334,1.1434,28.0713,28.0713,29.1207,30283282,雷鸣,3,2809,2524.0
317,银华聚利灵活配置混合C,002326,混合型-灵活,002,002,0.8338,1.4903,1.4996,20.5527,20.5527,,30069921,孙蓓琳,0,3270,1487.0
318,博时特许价值混合A,050010,混合型-偏股,002,002,1.2445,1.4779,1.6256,26.4431,26.4431,,30097442,曾鹏,0,3242,1262.0
319,易方达信用债债券A,000032,债券型-长债,003,003,6.0716,2.0239,2.5917,0.1803,2.3945,2.3945,30159168,胡剑,5,3566,3146.0
320,工银沪深300指数A,481009,指数型-股票,001,001,-0.1307,0.6456,0.7732,16.1361,16.1361,29.3654,30301029,刘伟琳,1,2605,2605.0
321,国富焦点驱动混合,000065,混合型-灵活,002,002,2.0861,2.1514,2.125,4.7956,4.7956,6.3051,30051822,赵晓东,7,4475,3133.0
322,融通四季添利债券(LOF)A,161614,债券型-混合债,003,003,1.5152,0.7467,0.9909,1.1673,3.4062,3.4062,30276613,王超,1,2899,2457.0
323,鹏华增瑞混合(LOF),160642,混合型-灵活,002,002,1.5805,1.8123,1.6303,13.6489,14.897,25.5444,30283642,谢书英,0,2786,1901.0
324,中欧行业成长混合(LOF)C,004231,混合型-偏股,002,002,0.5943,1.2694,1.4001,22.0304,22.0304,,30073914,王培,4,3297,1592.0
325,前海开源沪港深优势精选混合A,001875,混合型-灵活,002,002,0.5165,1.2912,1.4623,30.0939,30.0939,30.0939,30198132,曲扬,1,2941,2055.0
326,华宝资源优选混合A,240022,混合型-偏股,002,002,1.3316,1.6552,1.453,23.5473,23.5473,25.8764,30176879,蔡目荣,2,3392,3392.0
327,海富通瑞利债券,519226,债券型-长债,003,003,6.9381,2.9339,3.6884,0.1653,0.9887,,30201631,陈轶平,0,3019,1752.0
328,银华积极成长混合A,005498,混合型-偏股,002,002,0.91,1.5805,1.5619,20.229,20.229,,30069921,孙蓓琳,0,3270,1346.0
329,南方利达C,001567,混合型-灵活,002,002,0.8043,1.8419,2.1546,3.0479,3.2031,3.2031,30291930,吴剑毅,1,2696,2341.0
330,华夏兴华混合A,519908,混合型-偏股,002,002,1.5681,1.5976,1.3565,23.4213,25.9943,32.1194,30038120,阳琨,3,5289,3158.0
331,国联安优势混合,257030,混合型-偏股,002,002,-0.2816,1.1325,1.1232,21.5421,21.5421,30.0196,30275721,刘斌,1,2916,2412.0
332,泰康颐年混合C,005524,混合型-偏债,002,002,1.0096,1.663,1.7703,2.7326,2.7326,,30075270,桂跃强,6,3690,1284.0
333,汇添富恒生指数A,164705,QDII,007,007,-0.7529,-0.4962,-0.3282,22.3032,24.8826,26.7,30195060,赖中立,0,3320,2830.0
334,诺安先锋混合A,320003,混合型-偏股,002,002,1.8637,1.8216,1.5261,11.8026,12.7594,28.2481,30040459,杨谷,2,5764,5764.0
335,万家瑞富灵活配置混合A,001530,混合型-灵活,002,002,1.1698,2.391,2.2292,2.0261,2.3872,,30200192,苏谋东,0,3111,1242.0
336,民生加银高等级信用债A,000090,债券型-长债,003,003,0.3734,-0.6114,-0.4262,1.5727,17.6603,17.6603,30282657,李文君,0,2710,2047.0
337,工银消费服务混合A,481013,混合型-偏股,002,002,-0.0778,1.3036,1.3503,21.0231,21.0231,27.1951,30040414,王筱苓,1,4119,2531.0
338,上投摩根纯债丰利债券A,000839,债券型-长债,003,003,3.3991,1.0158,1.2865,0.3451,2.9608,3.7073,30059687,聂曙光,3,4111,2573.0
339,安信新成长混合C,003346,混合型-灵活,002,002,0.8587,1.7268,1.8372,2.7291,2.9637,2.9637,30282873,陈一峰,3,2784,1892.0
340,中欧新趋势混合C,005787,混合型-偏股,002,002,0.1509,1.1729,1.3083,18.3297,18.3297,,30040539,周蔚文,2,5367,1354.0
341,国联安小盘精选混合,257010,混合型-偏股,002,002,0.1073,1.3083,1.0889,8.901,18.8341,30.809,30057836,邹新进,1,4291,4291.0
342,国泰上证180金融ETF联接,020021,指数型-股票,001,001,-0.9038,-0.0918,0.1882,17.5353,18.0482,26.0136,30277862,艾小军,2,2882,2882.0
343,华宝中证100指数A,240014,指数型-股票,001,001,-0.2489,0.7389,0.8976,20.9482,20.9482,27.7346,30105820,陈建华,1,3269,3269.0
344,南方荣光A,002015,混合型-灵活,002,002,1.0796,2.1623,1.8356,1.7711,2.8007,,30189735,郑迎迎,1,3201,1577.0
345,工银总回报灵活配置混合A,001140,混合型-灵活,002,002,1.0236,1.7096,1.6474,23.8458,23.8458,24.1379,30200832,鄢耀,3,3022,2423.0
346,国寿安保华兴灵活配置混合,005683,混合型-灵活,002,002,0.2302,1.2414,1.2803,18.8457,18.8457,,30061388,张琦,0,4050,1316.0
347,工银瑞信双利债券B,485011,债券型-混合债,003,003,0.4869,1.0329,1.4219,1.4916,3.2156,3.2156,30043274,欧阳凯,9,4659,4128.0
348,南方卓元债券A,003612,债券型-混合债,003,003,0.4574,1.2585,1.3036,1.6546,2.0069,,30189735,郑迎迎,1,3201,1394.0
349,信诚三得益债券B,550005,债券型-混合债,003,003,0.7047,1.1838,1.0843,5.2293,5.2293,5.2293,30272725,宋海娟,0,2959,2853.0
350,工银全球股票(QDII)人民币,486001,QDII,007,007,-0.0591,0.5491,0.6347,9.7122,25.4509,25.4509,30055955,游凛峰,0,4361,4361.0
351,华富安享债券,002280,债券型-混合债,003,003,1.5945,1.3907,1.3923,6.9615,9.2961,9.2961,30282655,尹培俊,1,2830,2144.0
352,嘉实多元债券A,070015,债券型-混合债,003,003,1.1107,1.5059,1.3332,4.7267,6.2653,6.2653,30040408,王茜,2,6518,4677.0
353,泰康新机遇混合,001910,混合型-灵活,002,002,-0.1462,0.8867,1.0298,23.774,23.774,26.0079,30075270,桂跃强,6,3690,2188.0
354,博时量化平衡混合,004495,混合型-偏债,002,002,1.3954,1.2103,1.0034,10.2802,13.9904,,30040249,黄瑞庆,0,3995,1675.0
355,华商可转债债券C,005284,债券型-可转债,003,003,1.0065,1.2818,1.1185,20.1154,20.1154,,30061219,张永志,2,4135,1443.0
356,易方达国企改革混合,001382,混合型-偏股,002,002,0.1322,1.1263,1.3518,26.6781,26.6781,,30192538,郭杰,0,3188,1564.0
357,易方达消费行业股票,110022,股票型,001,001,0.0918,0.8976,1.2336,31.506,31.506,33.1643,30189741,萧楠,5,3354,3354.0
358,鹏华新兴产业混合,206009,混合型-偏股,002,002,-0.5087,1.0594,1.1963,20.7637,21.3324,25.447,30079581,梁浩,0,3796,3796.0
359,易方达投资级信用债债券A,000205,债券型-长债,003,003,4.8318,1.6676,2.2292,0.2659,2.8473,3.0603,30131213,王晓晨,6,3764,3007.0
360,景顺长城量化小盘股票,005457,股票型,001,001,1.5681,1.5665,1.229,9.6267,21.3259,,30201219,黎海威,2,2958,1397.0
361,兴全恒益债券A,004952,债券型-混合债,003,003,0.9443,1.3612,1.2881,3.3548,5.918,,30064163,申庆,1,4050,1536.0
362,华安创业板50ETF联接A,160422,指数型-股票,001,001,1.1994,1.5743,1.3767,22.941,22.941,,30044485,许之彦,6,5511,1122.0
363,易方达安盈回报混合,001603,混合型-偏债,002,002,1.4219,1.9834,1.8901,14.1186,14.1186,,30075384,张清华,6,2903,1752.0
364,安信稳健增值混合A,001316,混合型-灵活,002,002,1.649,1.8963,2.2526,1.7399,1.7399,1.9039,30283265,张翼飞,0,2810,2385.0
365,大成价值增长混合,090001,混合型-偏股,002,002,1.0376,1.3985,1.3021,16.3617,16.3617,,30289522,杨挺,0,2718,1544.0
366,博时亚洲票息收益债券,050030,QDII,007,007,-1.859,--,--,10.21,10.6187,10.6187,30283331,何凯,0,2803,2803.0
367,工银农业产业股票,001195,股票型,001,001,0.5927,1.4685,1.4934,12.8257,14.532,27.5148,30199171,杨柯,0,3154,2384.0
368,嘉实中证500ETF联接C,070039,指数型-股票,001,001,0.8774,1.0174,0.8525,9.017,20.2037,,30284601,何如,2,2766,1178.0
369,工银产业债债券A,000045,债券型-混合债,003,003,1.1621,1.4934,1.677,3.2946,3.2946,3.2946,30067891,何秀红,1,3950,3172.0
370,安信新趋势混合C,001711,混合型-灵活,002,002,1.5059,1.8917,2.1732,1.6014,1.6014,,30283265,张翼飞,0,2810,1821.0
371,银华多元动力灵活配置混合,005251,混合型-灵活,002,002,1.0283,1.6396,1.6179,16.8566,17.8776,,30296811,贾鹏,0,2656,1451.0
372,易方达沪深300非银联接A,000950,指数型-股票,001,001,-1.0018,0.0124,0.2987,24.2882,24.9471,30.3252,30066753,余海燕,0,3670,2508.0
373,南方1-3年国开债C,006492,债券型-长债,003,003,4.2344,1.831,2.1934,0.3841,1.927,,30170018,夏晨曦,0,3424,1122.0
374,长安裕隆混合C,005744,混合型-灵活,002,002,1.0983,1.4483,1.5696,24.0641,24.0641,,30046790,徐小勇,0,3714,1184.0
375,华富竞争力优选混合,410001,混合型-偏股,002,002,1.2212,1.0812,1.1636,16.4677,24.0692,28.9147,30056788,龚炜,1,4222,3270.0
376,富国天利增长债券,100018,债券型-混合债,003,003,4.5145,3.0226,3.4971,0.8193,1.4386,2.6633,30072562,黄纪亮,0,3203,2810.0
377,易方达增强回报债券B,110018,债券型-混合债,003,003,1.0438,1.6412,1.7734,2.3741,3.7462,3.7462,30131213,王晓晨,6,3764,3764.0
378,华安信用四季红债券A,040026,债券型-长债,003,003,3.5997,1.4639,1.5634,0.2846,2.6877,2.6877,30048419,苏玉平,1,4507,3649.0
379,工银聚焦30股票,001496,股票型,001,001,1.3861,1.9508,1.7392,20.3944,20.3944,,30040414,王筱苓,1,4119,1411.0
380,汇添富中证环境治理指数A,501030,指数型-股票,001,001,0.5989,0.5134,0.3469,15.5853,27.0745,,30195060,赖中立,0,3320,1801.0
381,工银高端制造股票,000793,股票型,001,001,1.0407,1.719,1.481,28.2953,28.2953,,30139227,黄安乐,0,3664,1278.0
382,汇添富中证环境治理指数C,501031,指数型-股票,001,001,0.5787,0.4962,0.3329,15.6542,27.508,,30195060,赖中立,0,3320,1801.0
383,上投摩根全球多元配置人民币,003629,QDII,007,007,0.7685,0.2862,0.4947,3.1207,21.5833,,30043326,张军,0,5019,1811.0
384,天弘安康颐养混合A,420009,混合型-偏债,002,002,1.8885,2.4937,2.4128,1.5003,2.4027,2.4027,30180540,姜晓丽,5,3410,3239.0
385,建信健康民生混合,000547,混合型-偏股,002,002,2.1561,2.0721,2.0877,10.5035,16.4561,29.9342,30079448,姜锋,0,3798,2815.0
386,前海开源中国稀缺资产混合C,002079,混合型-灵活,002,002,0.4574,1.4747,1.6256,29.3808,29.3808,34.5304,30198132,曲扬,1,2941,2207.0
387,博时新收益C,002096,混合型-灵活,002,002,1.2274,1.5463,1.5183,14.4808,14.4808,14.4808,30040233,过钧,4,6316,2105.0
388,招商核心价值混合,217009,混合型-偏股,002,002,0.0296,1.1963,1.2927,22.6899,22.6899,30.6912,30176884,郭锐,0,3434,2489.0
389,安信新趋势混合A,001710,混合型-灵活,002,002,1.6007,1.9772,2.279,1.6844,1.6844,,30283265,张翼飞,0,2810,1821.0
390,富国产业债券A,100058,债券型-长债,003,003,7.0875,3.9342,4.8334,0.383,1.1668,2.2136,30072562,黄纪亮,0,3203,1915.0
391,银华多元视野灵活配置混合,002307,混合型-灵活,002,002,0.9194,1.6848,1.6412,17.7145,17.7145,23.6471,30296811,贾鹏,0,2656,2025.0
392,交银蓝筹混合,519694,混合型-偏股,002,002,0.3671,1.2196,1.2725,16.3686,18.8527,,30063821,王少成,1,3987,1163.0
393,建信优选成长混合A,530003,混合型-偏股,002,002,0.6207,1.2694,1.243,19.3322,19.3322,24.2779,30048753,姚锦,0,4357,3578.0
394,博时颐泰混合A,002813,混合型-偏债,002,002,1.8605,1.3783,1.3238,1.5639,5.8553,5.8553,30157009,杨永光,0,3566,1989.0
395,信诚三得益债券A,550004,债券型-混合债,003,003,0.7809,1.2772,1.1885,5.1424,5.1424,5.1424,30272725,宋海娟,0,2959,2853.0
396,长信稳势纯债,003869,债券型-长债,003,003,7.4904,2.0565,2.405,0.3078,2.1227,,30040506,张文琍,2,5852,1569.0
397,天弘永利债券E,002794,债券型-混合债,003,003,1.8434,2.2837,2.2463,2.6241,2.6241,5.4216,30180540,姜晓丽,5,3410,2034.0
398,华宝宝康债券A,240003,债券型-混合债,003,003,4.3371,3.2684,3.2606,0.8044,0.9003,1.326,30075269,李栋梁,0,3812,3812.0
399,国富恒利债券(LOF)A,164509,债券型-长债,003,003,3.7802,2.1094,2.573,0.2792,1.6956,2.0358,30047200,刘怡敏,0,4789,2198.0
400,招商制造业混合C,004569,混合型-灵活,002,002,1.0672,1.7921,1.6568,18.0351,18.0351,,30133443,王景,2,3674,1671.0
401,汇丰晋信恒生龙头指数A,540012,指数型-股票,001,001,-0.5289,0.5616,0.8447,23.5171,23.5171,28.3836,30165669,方磊,0,3412,3412.0
402,财通鸿利中短债债券A,006542,债券型-中短债,003,003,5.0807,2.6975,--,0.2461,1.8029,,30170849,李杰,0,3253,1100.0
403,富国宏观策略灵活配置混合A,000029,混合型-灵活,002,002,1.0205,1.4763,1.6179,15.8277,15.8277,21.5135,30177085,袁宜,1,3340,3158.0
404,易方达双债增强债券A,110035,债券型-混合债,003,003,1.6676,1.8808,1.7734,9.3273,9.837,9.837,30131213,王晓晨,6,3764,1827.0
405,兴全磐稳增利债券A,340009,债券型-混合债,003,003,1.9072,1.551,1.4016,4.3907,4.814,4.814,30165678,张睿,5,3508,2224.0
406,汇添富上证综合指数,470007,指数型-股票,001,001,0.1882,0.7436,0.7296,10.4857,14.7379,25.9516,30057296,吴振翔,0,4319,4319.0
407,前海开源鼎欣债券A,006145,债券型-长债,003,003,5.9721,1.9974,0.63,0.256,2.7356,,30040309,刘静,2,4055,1206.0
408,工银添颐债券A,485114,债券型-混合债,003,003,1.8683,1.5183,1.2725,5.4697,6.6386,10.6742,30037206,杜海涛,9,5931,3769.0
409,永赢双利债券A,002521,债券型-混合债,003,003,0.0373,0.8152,1.3736,3.2622,3.7287,,30161477,李永兴,1,2632,1464.0
410,华商稳定增利债券C,630109,债券型-混合债,003,003,0.7187,1.2134,1.2305,12.1228,12.1228,12.1228,30061219,张永志,2,4135,3917.0
411,易方达行业领先混合,110015,混合型-偏股,002,002,0.574,1.4561,1.5494,22.0202,22.0202,31.6215,30056227,冯波,0,4356,4356.0
412,南方利达A,001566,混合型-灵活,002,002,0.8214,1.8559,2.1623,3.1137,3.2006,3.2006,30291930,吴剑毅,1,2696,2341.0
413,华夏双债债券C,000048,债券型-混合债,003,003,1.0081,1.6241,1.4576,5.6568,5.6568,5.6568,30276903,柳万军,1,2895,2333.0
414,工银尊益中短债C,485122,债券型-中短债,003,003,6.0872,10.9906,11.2006,0.4996,--,--,30196298,谷衡,0,3308,3232.0
415,银华优质增长混合,180010,混合型-偏股,002,002,0.1898,1.1294,1.1932,21.3143,21.3143,31.8093,30196299,贲兴振,2,3143,1858.0
416,富国天惠成长混合A/B(LOF),161005,混合型-偏股,002,002,0.2831,1.2321,1.3892,17.3728,17.3728,33.2807,30040544,朱少醒,2,5862,5862.0
417,南方利安A,001570,混合型-灵活,002,002,1.0516,1.9554,2.0239,2.9775,2.9775,2.9775,30291930,吴剑毅,1,2696,2207.0
418,易方达上证50增强A,110003,指数型-股票,001,001,-0.3594,0.6067,0.9116,28.6405,28.6405,28.6405,30057450,张胜记,2,4268,3354.0
419,华宝医疗ETF联接A,162412,指数型-股票,001,001,0.0529,0.924,1.0221,27.5765,27.5765,31.0769,30191326,胡洁,2,3336,2389.0
420,中欧新趋势混合A,166001,混合型-偏股,002,002,0.1929,1.2103,1.3425,18.2688,18.2688,29.7623,30040539,周蔚文,2,5367,3763.0
421,东方阿尔法精选混合A,005358,混合型-灵活,002,002,-0.1229,0.7949,0.7934,22.0185,28.8682,,30036322,刘明,0,4781,1395.0
422,银河定投宝腾讯济安指数,519677,指数型-股票,001,001,1.5043,1.789,1.3736,7.3179,18.2692,32.7214,30054615,罗博,0,4359,2822.0
423,中欧嘉泽灵活配置混合,005421,混合型-灵活,002,002,0.5336,1.6039,1.635,12.9254,16.3711,,30052841,王健,2,3897,1408.0
424,国泰纳斯达克100指数,160213,QDII,007,007,1.1605,1.0174,0.952,10.0671,28.1416,28.1416,30198937,吴向军,0,3144,2335.0
425,嘉实沪深300ETF联接A,160706,指数型-股票,001,001,-0.112,0.6378,0.7716,16.2271,16.2271,29.7926,30284601,何如,2,2766,2160.0
426,前海开源沪港深价值精选混合,001874,混合型-灵活,002,002,0.6207,1.0081,1.1045,29.2254,29.2254,29.2254,30198132,曲扬,1,2941,1842.0
427,工银大盘蓝筹混合,481008,混合型-偏股,002,002,0.196,1.4499,1.2927,14.059,14.64,23.5294,30040414,王筱苓,1,4119,3286.0
428,华泰柏瑞创新动力混合,000967,混合型-灵活,002,002,1.0392,1.5587,1.4903,22.0862,22.0862,22.0862,30201905,张慧,0,3001,2493.0
429,国泰浓益灵活配置混合C,002059,混合型-灵活,002,002,2.3677,2.2121,1.5727,2.1825,9.6198,24.3902,30301236,樊利安,1,2601,2210.0
430,海富通稳固收益债券,519030,债券型-混合债,003,003,1.691,1.4639,1.6007,2.2925,2.9864,6.3848,30201631,陈轶平,0,3019,2178.0
431,富国中证银行指数(LOF)A,161029,指数型-股票,001,001,-0.1665,0.3407,0.5149,13.99,17.3801,26.4607,30069488,王保合,0,3929,2397.0
432,景顺长城鼎益混合(LOF),162605,混合型-偏股,002,002,0.2162,1.0423,1.3394,32.4749,32.4749,32.4749,30042957,刘彦春,5,4600,2339.0
433,南方全球精选配置,202801,QDII,007,007,-0.2209,0.4776,0.6083,12.1306,23.878,23.878,30042438,黄亮,0,4543,4543.0
434,农银平衡双利混合,660003,混合型-平衡,002,002,1.2694,1.7345,1.6179,16.24,16.24,27.7797,30200977,陈富权,0,3027,2790.0
435,建信稳定得利债券A,000875,债券型-混合债,003,003,2.2012,2.0161,2.0099,1.4523,2.2157,2.2157,30048530,黎颖芳,0,4671,2559.0
436,国泰浓益灵活配置混合A,000526,混合型-灵活,002,002,2.391,2.223,1.5821,2.1838,9.5583,24.283,30301236,樊利安,1,2601,2601.0
437,易方达信用债债券C,000033,债券型-长债,003,003,5.4245,1.7112,2.2354,0.2717,2.4919,2.4919,30159168,胡剑,5,3566,3146.0
438,建信鑫利灵活配置混合,001858,混合型-灵活,002,002,1.971,2.1779,1.8979,17.9002,17.9002,,30079450,陶灿,0,3799,1499.0
439,博时信用债券A/B,050011,债券型-混合债,003,003,0.6487,0.9754,0.98,10.213,12.3505,12.3505,30040233,过钧,4,6316,4560.0
440,华宝中证银行ETF联接A,240019,指数型-股票,001,001,-0.3033,0.1042,0.2925,15.0522,17.9176,25.3652,30191326,胡洁,2,3336,3336.0
441,万家瑞祥混合C,001634,混合型-灵活,002,002,1.4499,2.4548,2.1841,1.3338,2.4773,,30200192,苏谋东,0,3111,1207.0
442,广发沪深300ETF联接A,270010,指数型-股票,001,001,-0.0467,0.6876,0.812,15.7904,15.7904,29.2227,30283311,刘杰,0,2804,2804.0
443,鹏华弘安混合A,002018,混合型-灵活,002,002,1.3658,1.6194,1.7423,3.637,4.837,4.837,30282114,李君,0,3229,2202.0
444,工银国企改革股票,001008,股票型,001,001,1.2476,1.6879,1.5556,23.2104,23.2104,28.8553,30038667,何肖颉,0,4075,2503.0
445,大成纳斯达克100,000834,QDII,007,007,1.1978,0.98,0.9707,10.0196,26.9459,26.9459,30132083,冉凌浩,0,3753,2578.0
446,华安稳健回报混合,000072,混合型-灵活,002,002,1.8434,1.7221,1.3923,1.997,2.8592,2.8592,30040525,郑可成,1,4461,3126.0
447,国富弹性市值混合,450002,混合型-偏股,002,002,0.0762,1.1138,1.229,19.7264,19.7264,23.06,30051822,赵晓东,7,4475,2542.0
448,安信鑫安得利混合A,001399,混合型-灵活,002,002,0.6705,1.621,1.6194,2.3708,5.164,5.164,30069125,庄园,2,3055,2374.0
449,景顺长城内需贰号混合,260109,混合型-偏股,002,002,0.1742,0.9941,1.3441,32.5754,32.5754,,30042957,刘彦春,5,4600,1393.0
450,国富中小盘股票,450009,股票型,001,001,0.7654,1.4981,1.5323,13.2284,15.3341,22.493,30051822,赵晓东,7,4475,4029.0
451,招商沪深300指数增强A,004190,指数型-股票,001,001,-0.0684,0.9334,1.0469,16.5283,16.5283,,30059748,王平,0,4183,1758.0
452,富国中证红利指数增强A,100032,指数型-股票,001,001,0.5849,0.7576,0.7483,16.38,17.6952,24.8392,30072180,徐幼华,1,3858,3858.0
453,工银新金融股票A,001054,股票型,001,001,1.719,2.2074,2.0425,17.1447,17.1447,28.5593,30200832,鄢耀,3,3022,2452.0
454,广发趋势优选灵活配置混合A,000215,混合型-灵活,002,002,0.7498,1.4374,1.7656,1.4743,1.7926,4.9102,30177032,谭昌杰,3,3425,2501.0
455,富国转型机遇混合,005739,混合型-偏股,002,002,1.2134,1.9928,1.8263,15.9462,15.9462,,30201160,曹文俊,1,2724,1319.0
456,银华聚利灵活配置混合A,001280,混合型-灵活,002,002,0.8447,1.5012,1.5121,20.5172,20.5172,,30069921,孙蓓琳,0,3270,1487.0
457,建信沪深300指数(LOF),165309,指数型-股票,001,001,0.2007,0.9598,0.9972,14.045,15.171,28.5426,30053299,梁洪昀,2,4412,4412.0
458,银河睿达灵活配置混合A,005386,混合型-灵活,002,002,1.0734,1.3938,1.4327,5.4442,14.247,,30056566,韩晶,2,4342,1397.0
459,长信内需成长混合A,519979,混合型-偏股,002,002,0.2878,1.2087,1.3161,29.9346,29.9346,,30074174,安昀,0,2782,1494.0
460,景顺长城策略精选灵活配置混合,000242,混合型-灵活,002,002,1.7299,1.8465,1.6972,15.8982,23.2843,29.8092,30070859,张靖,2,3570,2597.0
461,建信短债债券C,530028,债券型-中短债,003,003,10.0525,10.0338,10.8101,0.0976,--,--,30276097,陈建良,0,2916,2874.0
462,富国信用债债券C,000192,债券型-长债,003,003,9.0025,2.9168,3.5702,0.2154,1.9447,2.0641,30072562,黄纪亮,0,3203,2723.0
463,景顺长城沪深300指数增强,000311,指数型-股票,001,001,-0.042,0.6627,0.7809,14.8546,15.6637,30.3454,30201219,黎海威,2,2958,2958.0
464,招商产业债券A,217022,债券型-混合债,003,003,8.6804,4.5487,5.1849,0.1304,1.3898,1.3898,30283266,马龙,7,2809,2439.0
465,工银增强收益债券A,485105,债券型-混合债,003,003,1.3347,1.4467,0.924,2.3497,7.496,7.496,30037206,杜海涛,9,5931,5321.0
466,农银沪深300指数A,660008,指数型-股票,001,001,-0.1213,0.6814,0.8136,16.0917,16.0917,29.7411,30180744,宋永安,2,3410,3410.0
467,华夏收入混合,288002,混合型-偏股,002,002,1.0096,1.271,1.1107,11.5135,17.0287,31.932,30040529,郑煜,4,5594,4686.0
468,大摩多元收益债券C,233013,债券型-混合债,003,003,-0.0327,0.5725,0.8696,5.7582,5.7582,5.7582,30047657,李轶,2,4770,3385.0
469,嘉实美国成长股票人民币,000043,QDII,007,007,1.1589,0.896,0.8805,8.9722,28.6375,28.6375,30199643,张自力,0,3095,3095.0
470,大成积极成长混合,519017,混合型-偏股,002,002,1.2616,1.5432,1.6007,23.9216,23.9216,,30200417,王磊,0,3102,1639.0
471,易方达稳健收益债券B,110008,债券型-混合债,003,003,1.8854,1.6023,1.7003,1.421,4.1023,4.1023,30159168,胡剑,5,3566,3566.0
472,工银精选金融地产混合C,005938,混合型-偏股,002,002,-0.0809,0.5771,--,17.4372,18.5547,,30200831,王君正,2,3022,1116.0
473,华富价值增长混合,410007,混合型-灵活,002,002,1.3612,1.7563,1.621,13.9248,17.5446,30.1095,30298306,陈启明,0,2626,2626.0
474,银华行业轮动混合,006302,混合型-偏股,002,002,0.3889,1.3456,1.5852,20.1396,20.1396,,30196299,贲兴振,2,3143,1097.0
475,国寿安保策略精选混合(LOF),168002,混合型-灵活,002,002,1.1434,1.6116,1.5354,22.8913,23.1499,,30284212,吴坚,0,2739,1529.0
476,嘉实策略优选混合,001756,混合型-灵活,002,002,1.5836,2.2837,2.0254,3.7545,4.4944,4.4944,30140597,胡永青,0,3498,1829.0
477,信达澳银健康中国混合,003291,混合型-灵活,002,002,0.7171,1.4623,1.4934,22.2024,22.2024,,30045198,曾国富,0,4518,1569.0
478,中欧永裕混合A,001306,混合型-偏股,002,002,0.4278,1.439,1.3456,28.6214,28.6214,31.9963,30164237,魏博,1,3398,2375.0
479,银河研究精选混合,150968,混合型-偏股,002,002,0.6923,1.3767,1.5323,16.8016,18.0962,,30164252,神玉飞,0,3270,1591.0
480,华安升级主题混合,040020,混合型-偏股,002,002,-0.5569,1.3021,1.5292,21.3425,21.3425,30.4545,30276715,饶晓鹏,0,2752,2280.0
481,招商制造业混合A,001869,混合型-灵活,002,002,1.1061,1.8248,1.6925,17.9918,17.9918,30.3858,30133443,王景,2,3674,2194.0
482,汇添富中证500A,501036,指数型-股票,001,001,1.0563,1.2461,1.0283,8.7805,19.5407,,30057296,吴振翔,0,4319,1577.0
483,国富恒瑞债券A,002361,债券型-混合债,003,003,1.3814,1.4063,1.5167,1.8182,3.1681,3.1681,30051822,赵晓东,7,4475,2130.0
484,国富强化收益债券A,450005,债券型-混合债,003,003,1.2958,1.4405,1.4794,1.0657,3.726,3.726,30047200,刘怡敏,0,4789,4789.0
485,南方稳健成长混合,202001,混合型-偏股,002,002,0.7171,1.2601,1.3736,20.7962,20.7962,28.827,30037591,应帅,1,5321,3298.0
486,南方中证500ETF联接C,004348,指数型-股票,001,001,0.8167,1.0205,0.854,9.0988,20.0027,,30163568,罗文杰,8,3148,1745.0
487,国泰中证申万证券行业指数,501016,指数型-股票,001,001,-0.3858,0.3625,0.5056,20.1387,24.7353,,30277862,艾小军,2,2882,1682.0
488,海富通改革驱动混合,519133,混合型-灵活,002,002,1.2523,2.1483,2.0301,14.1706,15.936,30.4464,30176255,周雪军,0,3333,2046.0
489,民生加银鑫升纯债,004124,债券型-长债,003,003,3.424,1.6039,1.957,0.4561,2.7066,,30040245,胡振仓,0,4602,1556.0
490,万家瑞祥混合A,001633,混合型-灵活,002,002,1.5339,2.5232,2.2463,1.3125,2.4745,,30200192,苏谋东,0,3111,1207.0
491,南方安泰混合A,003161,混合型-偏债,002,002,1.0749,2.2277,2.1966,2.4557,3.1759,3.1759,30040370,孙鲁闽,1,4008,1899.0
492,华安行业轮动混合,040016,混合型-偏股,002,002,-0.35,1.3736,1.6256,20.4361,20.4361,,30276715,饶晓鹏,0,2752,1118.0
493,泰达宏利风险预算混合,162205,混合型-偏债,002,002,0.8743,1.607,1.5759,5.1513,5.1513,13.4976,30182148,刘欣,1,3399,1895.0
494,易方达裕丰回报债券,000171,债券型-混合债,003,003,1.341,1.579,1.5805,4.4434,4.4434,4.4434,30075384,张清华,6,2903,2886.0
495,建信优势动力混合(LOF),165313,混合型-偏股,002,002,1.3238,1.7734,1.7454,16.1076,18.2711,30.2251,30079448,姜锋,0,3798,3182.0
496,易方达安心回报债券B,110028,债券型-混合债,003,003,1.1605,1.3581,1.3378,6.0693,6.48,11.7114,30075384,张清华,6,2903,2903.0
497,农银策略价值混合,660004,混合型-偏股,002,002,1.2787,1.7268,1.6132,19.165,19.165,28.8082,30200977,陈富权,0,3027,2373.0
498,华富强化回报债券(LOF),164105,债券型-混合债,003,003,1.5541,1.5167,1.5774,2.6465,3.8723,3.8723,30282655,尹培俊,1,2830,2830.0
499,鹏华港美互联股票人民币,160644,QDII,007,007,0.0949,0.7436,--,29.3883,29.3883,,30068797,尤柏年,0,3479,1479.0
500,中欧新蓝筹混合C,004237,混合型-灵活,002,002,0.2629,0.9925,1.3176,16.7085,16.7085,,30040539,周蔚文,2,5367,1787.0
501,招商境远灵活配置混合,002249,混合型-灵活,002,002,0.3609,1.6428,1.6599,16.1652,16.1652,28.4392,30176884,郭锐,0,3434,2103.0
502,中欧行业成长混合(LOF)A,166006,混合型-偏股,002,002,0.6285,1.3021,1.4343,21.9583,21.9583,,30073914,王培,4,3297,1592.0
503,华宝标普美国消费人民币A,162415,QDII,007,007,1.1885,0.7747,0.7685,9.5989,33.9012,33.9012,30200459,周晶,0,3091,2087.0
504,南方驱动混合,002160,混合型-灵活,002,002,0.9163,1.4872,1.5821,25.1135,25.1135,29.2328,30037591,应帅,1,5321,2082.0
505,海富通聚利债券,519220,债券型-长债,003,003,8.0489,3.2279,3.9575,0.1571,0.9575,0.9575,30293314,谈云飞,0,2684,1899.0
506,银河行业混合,519670,混合型-偏股,002,002,0.4418,1.1201,1.2398,25.3515,26.4739,33.5656,30275467,王海华,3,2922,2922.0
507,鹏华盛世创新混合(LOF),160613,混合型-偏股,002,002,0.0233,1.0532,1.2725,11.7647,14.3498,23.0943,30142281,伍旋,0,3629,3629.0
508,博时鑫惠混合A,004149,混合型-灵活,002,002,1.3487,2.1701,2.0597,3.4781,3.9383,,30157009,杨永光,0,3566,1776.0
509,诺安全球黄金,320013,QDII,007,007,-0.6005,0.1851,0.5585,13.6036,23.5857,23.5857,30137817,宋青,0,3673,3673.0
510,鹏华中国50混合,160605,混合型-偏股,002,002,0.2909,1.0594,1.3658,27.6905,27.6905,,30066292,王宗合,2,3994,1589.0
511,易方达瑞恒灵活配置混合,001832,混合型-灵活,002,002,0.2473,1.2881,1.5759,26.3364,26.3364,,30189741,萧楠,5,3354,1424.0
512,天弘永利债券A,420002,债券型-混合债,003,003,1.7688,2.2028,2.1623,2.6697,2.6697,5.5314,30180540,姜晓丽,5,3410,3410.0
513,华富产业升级灵活配置混合,002064,混合型-灵活,002,002,1.6303,1.607,1.4467,19.8103,23.3311,,30298306,陈启明,0,2626,1671.0
514,广发聚宝混合A,001189,混合型-偏债,002,002,0.8867,2.0223,1.7874,1.6281,2.7497,3.2122,30177032,谭昌杰,3,3425,2431.0
515,嘉实恒生中国企业,160717,QDII,007,007,-1.1169,-0.56,-0.4076,30.8354,30.8354,34.6661,30284601,何如,2,2766,2160.0
516,中欧盛世成长混合(LOF)A,166011,混合型-偏股,002,002,0.3889,1.4452,1.369,29.3643,29.3643,32.217,30164237,魏博,1,3398,3172.0
517,交银精选混合,519688,混合型-偏股,002,002,0.5523,1.3658,1.5136,20.7163,20.7163,,30301239,王崇,4,2600,1645.0
518,广发创业板ETF联接C,003766,指数型-股票,001,001,0.98,1.2881,1.1683,21.8602,21.8602,,30283311,刘杰,0,2804,1654.0
519,易方达蓝筹精选混合,005827,混合型-偏股,002,002,0.1042,1.2181,1.2912,31.8758,31.8758,,30189744,张坤,4,3354,1186.0
520,南方中小盘成长股票,000326,股票型,001,001,1.0858,1.6365,1.4219,13.1709,13.8807,13.8807,30291930,吴剑毅,1,2696,2229.0
521,泰达宏利逆向策略混合,229002,混合型-偏股,002,002,0.4262,1.201,1.1325,19.0764,19.0764,32.6236,30182148,刘欣,1,3399,2892.0
522,银河睿利混合C,519630,混合型-灵活,002,002,1.0034,1.9445,2.0285,5.4622,6.0189,,30164243,卢轶乔,0,3270,1680.0
523,泰康颐年混合A,005523,混合型-偏债,002,002,1.1014,1.761,1.9041,2.7047,2.7047,,30075270,桂跃强,6,3690,1284.0
524,易方达科翔混合,110013,混合型-偏股,002,002,1.4436,1.7408,1.6272,16.7257,17.4815,32.1098,30189737,陈皓,1,3354,2765.0
525,鹏华丰收债券,160612,债券型-混合债,003,003,0.9303,0.8478,0.8883,6.0071,6.0525,6.0525,30179659,刘太阳,0,3379,1948.0
526,易方达安瑞短债A,006319,债券型-中短债,003,003,6.9521,4.3931,5.3,0.1191,0.306,,30131213,王晓晨,6,3764,1116.0
527,兴业收益增强债券C,001258,债券型-混合债,003,003,1.9134,1.8465,1.8154,3.4508,3.4508,5.3587,30050883,周鸣,1,4318,2381.0
528,国泰金牛创新成长混合,020010,混合型-偏股,002,002,0.7887,1.5199,1.5727,9.9007,14.8003,30.7718,30042300,程洲,2,4993,2504.0
529,银华万物互联灵活配置混合,002161,混合型-灵活,002,002,1.0594,2.2121,1.0485,3.6364,14.5374,,30069921,孙蓓琳,0,3270,1471.0
530,银河沪深300价值指数A,519671,指数型-股票,001,001,-0.4698,0.2629,0.448,14.8936,17.357,24.2271,30054615,罗博,0,4359,4359.0
531,中欧新动力混合(LOF)C,004236,混合型-偏股,002,002,0.5647,1.5494,1.6054,13.6682,16.9575,,30052841,王健,2,3897,1780.0
532,景顺长城能源基建混合,260112,混合型-偏股,002,002,1.1434,1.341,1.2663,5.1267,9.0517,20.0465,30289521,鲍无可,4,2717,2717.0
533,博时中证银行指数(LOF),160517,指数型-股票,001,001,-0.1322,0.4496,0.6083,14.3102,16.1445,26.4542,30164013,赵云阳,0,3308,2249.0
534,安信价值精选股票,000577,股票型,001,001,0.4542,1.2678,1.2274,15.3491,16.2658,29.6427,30282873,陈一峰,3,2784,2784.0
535,鹏华精选成长混合,206002,混合型-偏股,002,002,0.7654,1.6428,1.7299,12.647,15.1473,,30283642,谢书英,0,2786,1589.0
536,中融睿祥纯债C,003072,债券型-长债,003,003,8.2542,3.3757,4.1271,0.3188,1.5866,,30272905,王玥,0,2713,1264.0
537,建信央视财经50指数(LOF),165312,指数型-股票,001,001,-0.2007,0.8012,0.9474,16.7007,16.7007,30.2934,30161722,叶乐天,0,3545,3173.0
538,交银纯债债券发起A,519718,债券型-长债,003,003,8.3709,2.3941,2.7768,0.3197,2.3008,,30041094,于海颖,0,4025,1638.0
539,中融恒信纯债A,003926,债券型-长债,003,003,7.0112,3.3586,2.9899,0.2383,1.6722,,30272905,王玥,0,2713,1264.0
540,新华红利回报混合,003025,混合型-偏股,002,002,1.0718,1.3612,1.5821,2.9836,11.6475,,30291932,姚秋,0,2696,1713.0
541,易方达新经济混合,001018,混合型-灵活,002,002,1.6474,1.8761,1.733,16.3602,16.3602,31.7059,30189737,陈皓,1,3354,2487.0
542,泰康宏泰回报混合,002767,混合型-偏债,002,002,0.9163,1.5836,1.9803,4.5627,4.5627,4.5627,30075270,桂跃强,6,3690,2005.0
543,国泰融丰外延增长混合(LOF),501017,混合型-灵活,002,002,2.503,2.0877,1.5385,2.159,9.0374,26.7162,30301236,樊利安,1,2601,2018.0
544,华安创新混合,040001,混合型-平衡,002,002,1.6723,1.6552,1.5914,16.2562,16.2562,,30060263,杨明,2,4929,1097.0
545,中银新趋势混合,001370,混合型-灵活,002,002,1.0516,1.635,1.6894,6.5532,6.5532,8.6222,30079452,杨成,0,3615,2264.0
546,景顺长城内需增长混合,260104,混合型-偏股,002,002,0.1711,1.0376,1.3752,33.5557,33.5557,,30042957,刘彦春,5,4600,1393.0
547,广发消费品精选混合A,270041,混合型-偏股,002,002,-0.3531,0.8463,1.0889,30.1088,30.1088,30.1347,30038091,李琛,2,5288,2111.0
548,融通新机遇灵活配置混合,002049,混合型-灵活,002,002,1.4872,1.9383,1.9508,6.2194,6.2194,6.2194,30181575,余志勇,0,3340,2209.0
549,中欧创新成长灵活配置混合C,005276,混合型-灵活,002,002,0.4605,1.2367,1.3627,22.7833,22.7833,,30073914,王培,4,3297,1349.0
550,华夏养老2040(FOF),006289,混合型-平衡,002,002,0.9069,1.3114,1.1869,15.5782,15.5782,,30039046,许利明,0,2656,1178.0
551,申万菱信盛利精选混合,310308,混合型-平衡,002,002,0.2878,1.2958,1.4187,20.619,20.619,,30164232,孙琳,0,2867,1802.0
552,富国中证1000指数增强(LOF)A,161039,指数型-股票,001,001,1.4203,1.5681,1.3923,9.5331,17.4061,,30072180,徐幼华,1,3858,1283.0
553,中融恒泰纯债A,003013,债券型-长债,003,003,7.3644,2.1406,2.195,0.1567,2.6524,,30299153,李倩,0,2601,1803.0
554,招商产业债券C,001868,债券型-混合债,003,003,7.8451,3.9871,4.5658,0.1347,1.4305,1.4305,30283266,马龙,7,2809,2259.0
555,国寿安保尊享债券A,000668,债券型-长债,003,003,3.5111,2.1592,1.4887,0.8518,1.8047,1.8047,30276918,董瑞倩,0,2690,2690.0
556,长安裕隆混合A,005743,混合型-灵活,002,002,1.1138,1.4639,1.579,24.0181,24.0181,,30046790,徐小勇,0,3714,1184.0
557,国联安稳健混合,255010,混合型-平衡,002,002,0.1229,1.3503,1.2803,15.297,15.297,24.425,30275721,刘斌,1,2916,2898.0
558,华商稳健双利债券A,630007,债券型-混合债,003,003,1.3861,1.691,1.4561,2.8114,6.7065,11.849,30061219,张永志,2,4135,4135.0
559,工银新趋势灵活配置混合A,001716,混合型-灵活,002,002,1.705,2.3677,2.0706,16.4131,16.4131,21.072,30038667,何肖颉,0,4075,2167.0
560,中信保诚至兴混合C,005978,混合型-灵活,002,002,2.2681,1.9508,1.5899,18.5057,20.962,,30056329,闾志刚,0,4315,1256.0
561,建信短债债券A,531028,债券型-中短债,003,003,10.1723,10.9392,11.6175,0.1073,--,--,30276097,陈建良,0,2916,2874.0
562,华宝香港中小(QDII-LOF)A,501021,QDII,007,007,-0.0887,0.1976,0.308,21.3737,25.4351,27.7108,30200459,周晶,0,3091,1989.0
563,大摩多元收益债券A,233012,债券型-混合债,003,003,0.0529,0.6456,0.9536,5.7572,5.7572,5.7572,30047657,李轶,2,4770,3385.0
564,华夏纯债债券A,000015,债券型-长债,003,003,3.5328,1.9601,2.5792,0.4139,1.6667,,30276903,柳万军,1,2895,1548.0
565,交银成长混合A,519692,混合型-偏股,002,002,0.3469,1.2025,1.2601,16.2746,19.1937,33.6127,30063821,王少成,1,3987,2447.0
566,华泰MSCI中国A股联接C,006293,指数型-股票,001,001,0.4729,1.1434,1.1558,14.5532,14.9157,,30050008,柳军,8,4566,1151.0
567,工银美丽城镇股票A,001043,股票型,001,001,1.0998,1.8481,1.7392,19.2559,19.2559,27.4329,30200831,王君正,2,3022,2445.0
568,长盛盛丰灵活配置混合C,003642,混合型-灵活,002,002,0.9147,1.271,1.2601,10.5752,10.5752,10.5752,30194124,杨衡,1,2892,1842.0
569,易方达科润混合(LOF),161131,混合型-灵活,002,002,0.4838,0.5663,--,3.6937,4.6121,,30036319,付浩,1,4986,1248.0
570,安信新优选混合C,003029,混合型-灵活,002,002,0.812,1.8232,1.9259,3.4304,4.0612,4.0612,30069125,庄园,2,3055,1955.0
571,华夏恒生ETF联接C,006381,QDII,007,007,-0.7016,-0.434,-0.2831,22.7602,22.7602,,30106590,徐猛,1,3162,1172.0
572,华宝多策略增长开放,240005,混合型-偏股,002,002,-0.252,0.8043,0.938,15.1427,15.1427,30.9629,30176879,蔡目荣,2,3392,2221.0
573,中银信用增利债券(LOF)A,163819,债券型-混合债,003,003,3.0257,2.0628,2.3599,1.4191,2.7372,2.7372,30059051,奚鹏洲,4,4217,3554.0
574,国联安鑫汇混合A,004129,混合型-偏债,002,002,0.5569,1.1807,1.2834,7.8799,7.8799,,30177040,薛琳,0,3433,1739.0
575,鹏华产业债债券,206018,债券型-长债,003,003,2.9324,2.167,2.2852,1.4363,1.4502,3.7087,30282133,祝松,0,2842,2822.0
576,光大新增长混合,360006,混合型-偏股,002,002,1.0578,1.6163,1.5852,18.6334,22.8518,27.0967,30196301,魏晓雪,0,3306,3201.0
577,长信利鑫债券(LOF)A,163008,债券型-混合债,003,003,0.9692,1.0252,1.1434,2.0748,2.4011,,30040506,张文琍,2,5852,1790.0
578,华泰柏瑞盛世中国混合,460001,混合型-偏股,002,002,1.2881,1.4421,1.3565,28.7148,28.7148,,30051450,牛勇,1,4079,1311.0
579,景顺长城新兴成长混合,260108,混合型-偏股,002,002,0.1991,0.9987,1.3316,32.2554,32.2554,32.2554,30042957,刘彦春,5,4600,2431.0
580,融通通盈灵活配置混合,002415,混合型-灵活,002,002,1.3783,1.3472,1.5619,2.2381,10.133,10.133,30197370,张一格,0,3120,2090.0
581,国富沪深300指数增强,450008,指数型-股票,001,001,0.1976,1.0283,1.1356,15.1018,15.1074,29.3972,30059042,张志强,0,3180,3180.0
