,Unnamed: 0,NAME,CODE,FTYPE,BFUNDTYPE,FUNDTYPE,SHARP1,SHARP2,SHARP3,MAXRETRA1,MAXRETRA3,MAXRETRA5,MGRID,MGRNAME,HJ_JN,TOTALDAYS,DAYS,RANK1N,RANK6Y,RANK3Y,RANK
0,0,海富通收益增长混合,519003,混合型-灵活,2,2,1.5836,2.1188,1.9383,11.9707,13.7077,26.226,30176255,周雪军,0,3301,2338.0,0.3227020165916537,0.31703104550807215,0.35867844943917243,0.9984115115388983
2,2,易方达丰和债券,002969,债券型-混合债,3,3,1.2196,1.3643,1.4312,4.9667,4.9667,,30075384,张清华,6,2871,1805.0,0.25521180617467065,0.2869958177755835,0.347462882360012,0.8896705063102661
3,3,广发纳斯达克100指数C,006479,QDII,7,7,1.6007,1.0361,0.9567,10.1922,28.8411,,30283311,刘杰,0,2772,1104.0,0.2099276017444793,0.24252913335257234,0.2989653296393005,0.7514220647363521
10,10,国投中证500指数量化增强A,005994,指数型-股票,1,1,1.5805,1.5821,1.4623,11.5339,17.0198,,30202050,殷瑞飞,0,2959,1189.0,0.19983422869524106,0.26742233391344294,0.3231632577914163,0.7904198204001003
14,14,兴业收益增强债券A,001257,债券型-混合债,3,3,1.4078,1.5354,1.6505,3.4286,3.4286,5.1871,30050883,周鸣,1,4286,2349.0,0.30212896529599653,0.3400875892067899,0.3775301580507897,1.0197467125535762
15,15,前海开源医疗健康A,005453,混合型-灵活,2,2,0.2769,1.2041,1.3285,29.4133,29.4133,,30198132,曲扬,1,2909,1383.0,0.1651216529707083,0.274359913227625,0.35577771424543125,0.7952592804437646
21,21,鹏华产业精选,005812,混合型-灵活,2,2,0.1587,--,--,25.7374,25.7374,,30066292,王宗合,2,3962,1273.0,0.15854894286257104,0.3054311232347873,0.3960469647791703,0.8600270308765287
23,23,中银研究精选灵活配置混合A,000939,混合型-灵活,2,2,0.8463,1.495,1.7065,23.8445,23.8445,,30061323,吴印,1,3792,1467.0,0.3727262676150503,0.3531974294502755,0.38224572592505845,1.1081694229903842
39,39,交银丰晟收益债券A,005577,债券型-长债,3,3,5.0356,--,--,0.8283,0.8283,,30041094,于海颖,0,3993,1259.0,0.3305253384356451,0.3027256498436858,0.3277777388976829,0.9610287271770138
52,52,博时稳健回报债券(LOF)C,160514,债券型-混合债,3,3,1.8216,1.9352,1.7905,2.1922,3.0793,,30064759,邓欣雨,0,2960,1289.0,0.3593312797820394,0.31934264112508365,0.3751096957276323,1.0537836166347554
53,53,中融睿祥纯债A,003071,债券型-长债,3,3,4.9734,3.4022,4.3247,0.5058,1.5379,,30272905,王玥,0,2681,1232.0,0.2511224749906477,0.3066684691312983,0.3321318582667078,0.8899228023886538
59,59,华商新趋势优选灵活配置混合,166301,混合型-灵活,2,2,1.7859,1.6988,1.6692,20.793,20.793,26.1905,30284340,周海栋,3,2738,2364.0,0.22763429549201086,0.29099508379379485,0.34882014254334465,0.8674495218291502
60,60,财通鸿益中短债债券C,006361,债券型-中短债,3,3,7.0719,5.0107,6.1074,0.1178,0.3821,,30170849,李杰,0,3221,1155.0,0.31945486585122784,0.3631960591597609,0.3889705253848373,1.071621450395826
64,64,华宝沪深300指数增强A,003876,指数型-股票,1,1,0.4885,1.0329,1.1543,15.2634,15.696,,30052616,徐林明,0,4417,1789.0,0.2490787526077533,0.3130604233040837,0.3697104284128613,0.9318496043246983
67,67,广发纳斯达克100指数A,270042,QDII,7,7,1.6101,1.0423,0.966,10.1754,28.8324,,30283311,刘杰,0,2772,1184.0,0.18377939247254926,0.2714480407663051,0.321200069823115,0.7764275030619694
72,72,国富恒瑞债券C,002362,债券型-混合债,3,3,1.3845,1.2538,1.383,1.7791,3.2126,3.3454,30051822,赵晓东,7,4443,2098.0,0.333546976005091,0.3618187532539302,0.38968873683033883,1.08505446608936
80,80,财通鸿益中短债债券A,006360,债券型-中短债,3,3,7.898,5.6158,6.655,0.1176,0.3814,,30170849,李杰,0,3221,1155.0,0.24597154773066124,0.29739808310089605,0.33661761091178505,0.8799872417433423
82,82,国联安鑫发混合A,004131,混合型-偏债,2,2,1.9943,2.1374,1.9803,2.5714,5.9372,,30177040,薛琳,0,3401,1706.0,0.29621624973944455,0.3839277357626917,0.39157352245049204,1.0717175079526284
83,83,建信沪深300指数增强(LOF)A,165310,指数型-股票,1,1,0.4916,0.9754,1.0392,13.41,13.5584,29.1705,30053299,梁洪昀,2,4380,2414.0,0.37110045609109443,0.3769581343779465,0.3946367631058235,1.1426953535748643
90,90,交银新成长混合,519736,混合型-偏股,2,2,0.5694,1.3067,1.5043,20.6572,20.6572,24.6537,30301239,王崇,4,2568,2568.0,0.24062621983422677,0.3041268689107935,0.36218311602777326,0.9069362047727936
91,91,易方达稳健收益债券A,110007,债券型-混合债,3,3,2.195,1.5945,1.7361,1.4307,4.1493,4.1493,30159168,胡剑,5,3534,3534.0,0.24037019293205494,0.31135570355860626,0.3607544123692659,0.9124803088599271
96,96,富国中证500指数增强(LOF)A,161017,指数型-股票,1,1,1.1714,1.1263,1.0252,10.8234,18.2,33.1058,30055839,李笑薇,4,4332,3674.0,0.3604972490933814,0.38263456252766037,0.3952991982047033,1.1384310098257449
106,106,富国信用债债券A/B,000191,债券型-长债,3,3,5.9316,3.466,4.138,0.7445,1.872,2.8138,30072562,黄纪亮,0,3171,2691.0,0.35528001538079695,0.3649566879522973,0.39732937543709246,1.1175660787701869
112,112,华安沪深300增强A,000312,指数型-股票,1,1,0.7016,1.0765,1.1481,17.681,17.681,,30044485,许之彦,6,5479,1408.0,0.2641342582258144,0.3430524864602545,0.39271549848070997,0.9999022431667788
113,113,易方达安心回报债券A,110027,债券型-混合债,3,3,1.2523,1.3767,1.3861,6.019,6.3991,11.6064,30075384,张清华,6,2871,2871.0,0.24300647314318455,0.2807711268062057,0.35382974751407154,0.8776073474634618
117,117,中加纯债债券,000914,债券型-长债,3,3,3.984,2.5419,3.5406,0.7895,2.768,2.768,30202054,闫沛贤,0,2934,2512.0,0.21532343412087726,0.27064131758050586,0.3077334077870369,0.79369815948842
128,128,银河领先债券,519669,债券型-长债,3,3,2.5512,2.4175,2.3599,0.6004,1.2163,1.8533,30056566,韩晶,2,4310,3260.0,0.2707559340895738,0.3294916997379029,0.3771893297116352,0.9774369635391119
136,136,易方达中盘成长混合,005875,混合型-偏股,2,2,0.7343,1.3441,1.5759,19.9994,19.9994,,30056227,冯波,0,4324,1217.0,0.20587904486743644,0.2748691101260248,0.3326965033364101,0.8134446583298713
139,139,汇添富沪深300指数增强A,005530,指数型-股票,1,1,0.4511,1.0765,1.1652,15.5208,15.5208,,30057296,吴振翔,0,4287,1320.0,0.27338328196115425,0.35930877390649846,0.38618300563187546,1.0188750614995281
154,154,国寿安保稳惠混合,002148,混合型-灵活,2,2,0.8525,1.4592,1.3938,21.9885,23.7465,23.7465,30284212,吴坚,0,2707,2168.0,0.2701919746102226,0.3519536962101729,0.39333574256667453,1.01548141338707
159,159,兴全合润混合(LOF),163406,混合型-偏股,2,2,0.5305,1.5183,1.705,15.4794,16.1951,30.9395,30198031,谢治宇,9,3199,3199.0,0.23769824494462954,0.31129369888349834,0.3603894519119114,0.9093813957400393
163,163,广发双债添利债券A,270044,债券型-长债,3,3,1.5214,1.6319,2.3101,1.4722,2.8081,2.8081,30075339,代宇,1,3742,2351.0,0.36435847028569185,0.35544421052027064,0.3674517553009924,1.087254436106955
197,197,富国中国中小盘混合(QDII)人民币,100061,QDII,7,7,0.3469,0.9038,0.854,19.8641,19.8641,24.1274,30070935,张峰,2,3857,3346.0,0.35752323804796915,0.36149318505430694,0.3937464316264163,1.1127628547286923
199,199,银河智造混合,519642,混合型-灵活,2,2,1.2834,1.7221,1.6614,24.296,24.296,33.8721,30135006,张杨,2,3676,2062.0,0.2599584927976679,0.30240749192052596,0.37145911769645656,0.9338251024146504
212,212,工银中小盘混合,481010,混合型-偏股,2,2,1.3892,1.9368,1.7905,25.6552,25.6552,,30139227,黄安乐,0,3632,1315.0,0.2827940997028249,0.31249720057611774,0.3596894994640066,0.9549807997429491
214,214,广发双擎升级混合A,005911,混合型-偏股,2,2,0.7311,1.3705,--,27.2339,--,,30201494,刘格菘,0,2758,1096.0,0.27940604532621066,0.31035573112892717,0.3313548165095098,0.9211165929646477
216,216,易方达上证50增强C,004746,指数型-股票,1,1,0.0653,0.6145,0.9692,28.7375,28.7375,,30057450,张胜记,2,4236,1610.0,0.26530068537767865,0.3336525662594687,0.39198233111652864,0.9909355827536761
227,227,工银全球精选股票(QDII),486002,QDII,7,7,1.3705,0.7171,--,6.4204,28.6861,28.6861,30055955,游凛峰,0,4329,4179.0,0.28342249785702944,0.34336315194347455,0.38455812237151693,1.0113437721720209
233,233,前海开源医疗健康C,005454,混合型-灵活,2,2,0.2738,1.1994,1.3238,29.4761,29.4761,,30198132,曲扬,1,2909,1383.0,0.16728393369776726,0.27588589863699425,0.3571110878311976,0.8002809201659591
234,234,前海开源国家比较优势混合A,001102,混合型-灵活,2,2,0.4418,1.3767,1.4701,29.5072,29.5072,34.4409,30198132,曲扬,1,2909,2370.0,0.1771150337768659,0.27669705952767154,0.3815035372736079,0.8353156305781453
241,241,博时黄金ETF联接A,002610,商品（不含QDII）,2,2,-0.6736,0.2427,0.6596,12.5538,20.2728,20.2728,30164013,赵云阳,0,3276,1985.0,0.3769209160810103,0.3942178489714595,0.3875286113458965,1.1586673763983664
244,244,银河收益混合,151002,债券型-混合债,3,3,1.5852,1.8201,1.7112,3.8977,3.8977,3.8977,30056566,韩晶,2,4310,2674.0,0.32525333018851293,0.3558292152694705,0.3924018596069284,1.073484405064912
245,245,鹏华研究精选灵活配置混合,005028,混合型-灵活,2,2,1.0703,1.6256,1.6848,23.1761,23.1761,,30079581,梁浩,0,3764,1485.0,0.24312190543415035,0.3397416242998127,0.36911022662216936,0.9519737563561324
248,248,广发创新升级混合,002939,混合型-灵活,2,2,0.8432,1.4716,1.7376,27.1491,27.1491,,30201494,刘格菘,0,2758,1581.0,0.27603598923762135,0.3362011320438852,0.38903494190408305,1.0012720631855896
251,251,新华增盈回报债券,000973,债券型-混合债,3,3,0.6627,1.3736,1.3985,2.4149,3.4512,3.4512,30291932,姚秋,0,2664,2336.0,0.23905373037578634,0.30946608265507036,0.3587726698750499,0.9072924829059066
262,262,安信目标收益债券A,750002,债券型-长债,3,3,4.5642,3.396,3.5095,0.7227,2.693,3.6144,30283265,张翼飞,0,2778,2059.0,0.32496602654001744,0.33224991109319874,0.3595457534635295,1.0167616910967456
271,271,博时稳健回报债券(LOF)A,160513,债券型-混合债,3,3,1.8979,2.0223,1.8917,2.1923,3.0406,,30064759,邓欣雨,0,2960,1289.0,0.3330388312636992,0.2951760862755614,0.35760393798019924,0.9858188555194598
284,284,易方达增强回报债券A,110017,债券型-混合债,3,3,1.579,1.7454,1.9461,2.2906,3.7178,3.88,30131213,王晓晨,6,3732,3732.0,0.24661115032573944,0.3233461266424122,0.3695250052121391,0.9394822821802906
295,295,景顺长城动力平衡混合,260103,混合型-平衡,2,2,0.4216,1.1932,1.4747,15.3419,15.3419,30.7698,30142282,刘苏,0,3450,2226.0,0.3408709145632738,0.358353352554915,0.3944017934185362,1.093626060536725
296,296,华泰柏瑞创新升级混合A,000566,混合型-偏股,2,2,0.9583,1.3752,1.3487,22.3451,22.3451,22.3451,30201905,张慧,0,2969,2737.0,0.31636900108617566,0.3701050158258142,0.39793363507039103,1.0844076519823809
297,297,民生加银策略精选混合A,000136,混合型-灵活,2,2,0.9023,1.5852,1.7003,19.3804,19.3804,22.0042,30297382,孙伟,6,2675,2675.0,0.3182731783744731,0.349343623740409,0.3672779587856238,1.034894760900506
300,300,汇添富中证主要消费ETF联接A,000248,指数型-股票,1,1,0.2193,0.8432,1.327,31.769,31.769,33.3176,30057296,吴振翔,0,4287,2415.0,0.13238302035691385,0.2601196893626158,0.34550135935222714,0.7380040690717569
312,312,中欧行业成长混合(LOF)C,004231,混合型-偏股,2,2,0.5865,1.3285,1.4203,22.0304,22.0304,,30073914,王培,4,3265,1560.0,0.3251488022898992,0.3523734053457777,0.39975882291377157,1.0772810305494485
313,313,前海开源沪港深优势精选混合A,001875,混合型-灵活,2,2,0.3609,1.2523,1.4141,30.0939,30.0939,30.0939,30198132,曲扬,1,2909,2023.0,0.13601473357869667,0.2188855437351285,0.3467269721321529,0.7016272494459781
329,329,中欧精选定期开放混合A,001117,混合型-灵活,2,2,0.7109,1.1263,--,18.5695,18.5695,,30040539,周蔚文,2,5335,1797.0,0.2597553446873647,0.32587618333067647,0.38971848452845625,0.9753500125464974
339,339,工银全球股票(QDII)人民币,486001,QDII,7,7,0.476,0.7327,0.8136,9.1127,25.4509,25.4509,30055955,游凛峰,0,4329,4329.0,0.279991280701779,0.34250162234067133,0.3827318877008796,1.00522479074333
351,351,易方达安盈回报混合,001603,混合型-偏债,2,2,1.3596,1.9352,1.8512,14.1186,14.1186,,30075384,张清华,6,2871,1720.0,0.2493286378834927,0.2152746021334128,0.3230344794219077,0.7876377194388131
359,359,银华多元动力灵活配置混合,005251,混合型-灵活,2,2,1.0594,1.6443,1.5821,16.8566,17.8776,,30296811,贾鹏,0,2624,1419.0,0.2092988047379497,0.2985126708890491,0.3909148438497374,0.8987263194767362
361,361,长安裕隆混合C,005744,混合型-灵活,2,2,1.3658,1.5245,1.6396,24.0641,24.0641,,30046790,徐小勇,0,3682,1152.0,0.07671582935938777,0.1354249659119312,0.265346359776175,0.47748715504749395
364,364,易方达增强回报债券B,110018,债券型-混合债,3,3,1.4981,1.6521,1.845,2.3741,3.7462,3.9306,30131213,王晓晨,6,3732,3732.0,0.283817425480893,0.35364954184687325,0.393736579843851,1.0312035471716172
379,379,银华多元视野灵活配置混合,002307,混合型-灵活,2,2,1.0174,1.6988,1.6132,17.7145,17.7145,23.6471,30296811,贾鹏,0,2624,1993.0,0.23105329646284467,0.2853785016760282,0.3586296022723626,0.8750614004112355
385,385,天弘永利债券E,002794,债券型-混合债,3,3,1.6583,2.2043,2.2386,2.6241,2.6241,5.4216,30180540,姜晓丽,5,3378,2002.0,0.3574690169410049,0.3659928190157537,0.386128948401755,1.1095907843585135
388,388,招商制造业混合C,004569,混合型-灵活,2,2,1.2414,1.8605,1.747,18.0351,18.0351,,30133443,王景,2,3642,1639.0,0.32662650938308113,0.3297602785185453,0.38855153212597876,1.0449383200276052
391,391,易方达双债增强债券A,110035,债券型-混合债,3,3,1.3301,1.7439,1.7003,9.6847,9.837,,30131213,王晓晨,6,3732,1795.0,0.3448097469067705,0.36564988469727067,0.39378315009566134,1.1042427816997025
401,401,工银尊益中短债C,485122,债券型-中短债,3,3,4.0011,10.9906,11.2006,0.9184,--,--,30196298,谷衡,0,3276,3200.0,0.0603514465001967,0.15006616387819444,0.24490350302103944,0.4553211133994306
410,410,中欧嘉泽灵活配置混合,005421,混合型-灵活,2,2,0.6487,1.565,1.6194,12.9254,16.3711,,30052841,王健,2,3865,1376.0,0.1752459886519876,0.30267675911065345,0.3536286404944965,0.8315513882571375
411,411,国泰纳斯达克100指数,160213,QDII,7,7,1.5883,1.0718,0.9692,10.0671,28.1416,28.1416,30198937,吴向军,0,3112,2303.0,0.1693292659171603,0.24989367071034274,0.306396697470136,0.7256196340976391
415,415,华泰柏瑞创新动力混合,000967,混合型-灵活,2,2,1.1014,1.5587,1.5043,22.0862,22.0862,22.0862,30201905,张慧,0,2969,2461.0,0.28377403446894506,0.34719888234827256,0.3739814901955555,1.004954407012773
419,419,景顺长城鼎益混合(LOF),162605,混合型-偏股,2,2,0.3531,1.0189,1.4312,32.4749,32.4749,32.4749,30042957,刘彦春,5,4568,2307.0,0.2351987129431628,0.3234335787633291,0.36613102154872673,0.9247633132552187
421,421,农银平衡双利混合,660003,混合型-平衡,2,2,1.4281,1.7828,1.6676,16.24,16.24,27.7797,30200977,陈富权,0,2995,2758.0,0.37600853209721546,0.370609830523592,0.3946817268538197,1.141300089474627
432,432,大成纳斯达克100,000834,QDII,7,7,1.5914,1.0283,0.9832,10.0196,26.9459,26.9459,30132083,冉凌浩,0,3721,2546.0,0.23581096908626667,0.2919326291768473,0.3450890315179487,0.8728326297810627
433,433,民生加银岁岁增利债券A,000137,债券型-长债,8,8,4.1784,1.5339,1.9368,0.4007,4.3252,,30040245,胡振仓,0,4570,1547.0,0.2526272104069401,0.28698341817737294,0.33164676286030564,0.8712573914446187
441,441,工银新金融股票A,001054,股票型,1,1,2.0954,2.237,2.0503,17.1447,17.1447,28.5593,30200832,鄢耀,3,2990,2420.0,0.3133353801412155,0.33982043246525007,0.3705819890757391,1.0237378016822047
443,443,富国转型机遇混合,005739,混合型-偏股,2,2,1.3627,1.9772,1.831,15.9462,15.9462,,30201160,曹文俊,1,2692,1287.0,0.29849951668633934,0.35773758701431796,0.39383526712914896,1.0500723708298063
452,452,招商产业债券A,217022,债券型-混合债,3,3,6.3408,4.6747,5.2876,0.6587,1.3898,1.5372,30283266,马龙,7,2777,2407.0,0.33991027206697333,0.3610100031706313,0.38184776786497815,1.0827680431025828
459,459,易方达稳健收益债券B,110008,债券型-混合债,3,3,2.2868,1.6661,1.7999,1.421,4.1023,4.1023,30159168,胡剑,5,3534,3534.0,0.21681118796011106,0.2892231408299984,0.3427552019549252,0.8487895307450346
461,461,国寿安保策略精选混合(LOF),168002,混合型-灵活,2,2,0.9334,1.5432,1.5136,22.8913,23.1499,,30284212,吴坚,0,2707,1497.0,0.16966439995043342,0.3095932664627727,0.36773080435767797,0.8469884707708841
463,463,信达澳银健康中国混合,003291,混合型-灵活,2,2,0.6471,1.439,1.5727,22.2024,22.2024,,30045198,曾国富,0,4486,1537.0,0.26476232615149475,0.3083485819919183,0.3798980191237052,0.9530089272671183
467,467,招商制造业混合A,001869,混合型-灵活,2,2,1.2336,1.8745,1.7688,17.9918,17.9918,30.3858,30133443,王景,2,3642,2162.0,0.26911639770299634,0.2907355137191558,0.37348504768876395,0.933336959110916
469,469,国富恒瑞债券A,002361,债券型-混合债,3,3,1.5012,1.3518,1.4794,1.8182,3.1681,3.1681,30051822,赵晓东,7,4443,2098.0,0.3019256118437056,0.3376286681091264,0.36804013203962926,1.0075944119924611
475,475,海富通改革驱动混合,519133,混合型-灵活,2,2,1.4592,2.1623,2.0114,14.1706,15.936,30.4464,30176255,周雪军,0,3301,2014.0,0.2503929876787787,0.28766471172876273,0.349476189312871,0.8875338887204125
480,480,易方达裕丰回报债券,000171,债券型-混合债,3,3,1.481,1.6179,1.6443,4.4434,4.4434,4.4434,30075384,张清华,6,2871,2854.0,0.19087758580712777,0.25470754012160274,0.31811193979530566,0.7636970657240362
482,482,易方达安心回报债券B,110028,债券型-混合债,3,3,1.1683,1.3161,1.3285,6.0693,6.48,11.7114,30075384,张清华,6,2871,2871.0,0.25832071256271144,0.2948540439876134,0.36403946995455516,0.91721422650488
484,484,华富强化回报债券(LOF),164105,债券型-混合债,3,3,1.2756,1.355,1.4841,2.6465,3.8723,3.8723,30282655,尹培俊,1,2798,2798.0,0.2837673165916419,0.3526850350293046,0.39383999986528173,1.0302923514862283
488,488,中欧行业成长混合(LOF)A,166006,混合型-偏股,2,2,0.6207,1.3612,1.453,21.9583,21.9583,,30073914,王培,4,3265,1560.0,0.27512592150310256,0.33589951623936115,0.38679055535867013,0.9978159931011339
490,490,南方驱动混合,002160,混合型-灵活,2,2,0.8634,1.5059,1.5976,25.1135,25.1135,29.2328,30037591,应帅,1,5289,2050.0,0.24047061961263658,0.2688631209922728,0.33042687753866057,0.83976061814357
503,503,交银精选混合,519688,混合型-偏股,2,2,0.5771,1.2896,1.4965,20.7163,20.7163,,30301239,王崇,4,2568,1613.0,0.2754792675501593,0.3347030238727892,0.3771784767796395,0.987360768202588
505,505,易方达蓝筹精选混合,005827,混合型-偏股,2,2,0.3485,1.1916,1.3814,31.8758,31.8758,,30189744,张坤,4,3322,1154.0,0.26048606157229665,0.33051324899164747,0.3906263131664425,0.9816256237303866
511,511,易方达科翔混合,110013,混合型-偏股,2,2,1.4327,1.6505,1.5432,16.7257,17.4815,32.1098,30189737,陈皓,1,3322,2733.0,0.310192823739043,0.3464686311063332,0.3821189182843205,1.0387803731296967
522,522,中融睿祥纯债C,003072,债券型-长债,3,3,5.4603,3.3882,4.18,0.4659,1.5866,,30272905,王玥,0,2681,1232.0,0.2922698261355217,0.33088391084119445,0.34928330388677625,0.9724370408634924
524,524,交银纯债债券发起A,519718,债券型-长债,3,3,3.8004,2.3957,2.8344,1.1025,2.3008,,30041094,于海颖,0,3993,1606.0,0.39212924763163537,0.39964111216043535,0.3892064361915983,1.180976795983669
525,525,中融恒信纯债A,003926,债券型-长债,3,3,5.9565,3.3664,3.063,0.2383,1.6722,,30272905,王玥,0,2681,1232.0,0.31199099550463144,0.3638856430637906,0.3619034503850825,1.0377800889535045
527,527,易方达新经济混合,001018,混合型-灵活,2,2,1.6085,1.7656,1.6381,16.3602,16.3602,31.7059,30189737,陈皓,1,3322,2455.0,0.27716381357667524,0.3140450026187277,0.3810021657624981,0.9722109819579011
528,528,泰康宏泰回报混合,002767,混合型-偏债,2,2,0.9318,1.509,1.971,4.5627,4.5627,4.5627,30075270,桂跃强,6,3658,1973.0,0.2750487863131443,0.33527410339568603,0.36509250914526997,0.9754153988541003
536,536,申万菱信盛利精选混合,310308,混合型-平衡,2,2,0.1742,1.1869,1.4078,20.619,20.619,,30164232,孙琳,0,2835,1770.0,0.27588751373306253,0.2914901933296821,0.36110537708619217,0.9284830841489368
537,537,富国中证1000指数增强(LOF)A,161039,指数型-股票,1,1,1.2041,1.4421,1.3347,9.5331,17.4061,,30072180,徐幼华,1,3826,1251.0,0.29616706910976087,0.34510666196649725,0.375244309451658,1.0165180405279162
540,540,长安裕隆混合A,005743,混合型-灵活,2,2,1.3814,1.5432,1.6505,24.0181,24.0181,,30046790,徐小勇,0,3682,1152.0,0.07296304847413998,0.13182577437140186,0.2613179333241149,0.46610675616965674
543,543,工银新趋势灵活配置混合A,001716,混合型-灵活,2,2,1.7999,2.405,2.0721,16.4131,16.4131,21.072,30038667,何肖颉,0,4043,2135.0,0.24478616204201958,0.29930830866295755,0.3638857897461891,0.9079802604511662
545,545,建信短债债券A,531028,债券型-中短债,3,3,7.4764,10.9392,11.6175,0.2546,--,--,30276097,陈建良,0,2884,2842.0,0.29972499583495427,0.3461033268590888,0.3731043763672158,1.0189326990612588
552,552,工银美丽城镇股票A,001043,股票型,1,1,1.1512,1.7361,1.7345,19.2559,19.2559,27.4329,30200831,王君正,2,2990,2413.0,0.30366200321879194,0.3449029811757622,0.38649448256902297,1.035059466963577
560,560,鹏华产业债债券,206018,债券型-长债,3,3,2.0052,2.0939,2.3226,1.4363,1.4502,4.6629,30282133,祝松,0,2810,2790.0,0.2821711397519348,0.3099661694347833,0.36051813060389587,0.952655439790614
564,564,景顺长城新兴成长混合,260108,混合型-偏股,2,2,0.3329,0.9956,1.4327,32.2554,32.2554,32.2554,30042957,刘彦春,5,4568,2399.0,0.2880528835532581,0.3378177357974765,0.377536363400483,1.0034069827512178
